,Unnamed: 0,cntxt_num,count,mean,pt,r_num,index,context_num,context_type,context_shock,cntxt_trialnum,Mean,STD
0,0.0,0.0,3.0,0.0,63.0,1.0,1.0,0.0,SAFE,None,1.0,0.00045,0.0019091883092036783
1,1.0,1.0,3.0,0.0,63.0,1.0,7.0,1.0,THREAT,None,1.0,0.00045,0.0019091883092036783
2,2.0,2.0,3.0,0.0,63.0,1.0,13.0,2.0,SAFE,None,1.0,0.00045,0.0019091883092036783
3,3.0,3.0,3.0,0.0,63.0,1.0,19.0,3.0,THREAT,None,1.0,0.00045,0.0019091883092036783
4,4.0,4.0,3.0,0.0,63.0,1.0,25.0,4.0,THREAT,None,1.0,0.00045,0.0019091883092036783
5,5.0,5.0,3.0,0.0,63.0,1.0,31.0,5.0,THREAT,None,1.0,0.00045,0.0019091883092036783
6,6.0,6.0,3.0,0.0,63.0,1.0,37.0,6.0,THREAT,None,1.0,0.00045,0.0019091883092036783
7,7.0,7.0,3.0,0.0,63.0,1.0,43.0,7.0,SAFE,None,1.0,0.00045,0.0019091883092036783
8,8.0,8.0,3.0,0.0,63.0,1.0,49.0,8.0,SAFE,None,1.0,0.00045,0.0019091883092036783
9,9.0,9.0,3.0,0.0,63.0,1.0,55.0,9.0,SAFE,None,1.0,0.00045,0.0019091883092036783
10,10.0,10.0,3.0,0.0,63.0,1.0,61.0,10.0,SAFE,None,1.0,0.00045,0.0019091883092036783
11,11.0,11.0,3.0,0.0,63.0,1.0,67.0,11.0,SAFE,None,1.0,0.00045,0.0019091883092036783
12,12.0,12.0,3.0,0.0,63.0,1.0,73.0,12.0,THREAT,None,1.0,0.00045,0.0019091883092036783
13,13.0,13.0,3.0,0.0,63.0,1.0,79.0,13.0,THREAT,prior,1.0,0.00045,0.0019091883092036783
14,,,,,,,,,,,,0.00045,0.0019091883092036783
15,15.0,15.0,3.0,0.0,63.0,1.0,91.0,13.0,THREAT,post,1.0,0.00045,0.0019091883092036783
16,16.0,16.0,3.0,0.0,63.0,1.0,97.0,14.0,SAFE,None,1.0,0.00045,0.0019091883092036783
17,17.0,17.0,3.0,0.0,63.0,1.0,103.0,15.0,THREAT,None,1.0,0.00045,0.0019091883092036783
18,18.0,18.0,3.0,0.0081,63.0,1.0,109.0,16.0,SAFE,None,1.0,0.0,0.0
19,0.0,0.0,3.0,0.0,63.0,2.0,1.0,0.0,SAFE,None,1.0,0.0,0.0
20,1.0,1.0,3.0,0.0,63.0,2.0,7.0,1.0,THREAT,None,1.0,0.0,0.0
21,2.0,2.0,3.0,0.0,63.0,2.0,13.0,2.0,THREAT,None,1.0,0.0,0.0
22,3.0,3.0,3.0,0.0,63.0,2.0,19.0,3.0,THREAT,None,1.0,0.0,0.0
23,4.0,4.0,3.0,0.0,63.0,2.0,25.0,4.0,SAFE,None,1.0,0.0,0.0
24,5.0,5.0,3.0,0.0,63.0,2.0,31.0,5.0,THREAT,None,1.0,0.0,0.0
25,6.0,6.0,3.0,0.0,63.0,2.0,37.0,6.0,SAFE,None,1.0,0.0,0.0
26,7.0,7.0,3.0,0.0,63.0,2.0,43.0,7.0,THREAT,prior,1.0,0.0,0.0
27,,,,,,,,,,,,0.0,0.0
28,9.0,9.0,3.0,0.0,63.0,2.0,55.0,7.0,THREAT,post,1.0,0.0,0.0
29,10.0,10.0,3.0,0.0,63.0,2.0,61.0,8.0,SAFE,None,1.0,0.0,0.0
30,11.0,11.0,3.0,0.0,63.0,2.0,67.0,9.0,SAFE,None,1.0,0.0,0.0
31,12.0,12.0,3.0,0.0,63.0,2.0,73.0,10.0,SAFE,None,1.0,0.0,0.0
32,13.0,13.0,3.0,0.0,63.0,2.0,79.0,11.0,SAFE,None,1.0,0.0,0.0
33,14.0,14.0,3.0,0.0,63.0,2.0,85.0,12.0,SAFE,None,1.0,0.0,0.0
34,15.0,15.0,3.0,0.0,63.0,2.0,91.0,13.0,THREAT,None,1.0,0.0,0.0
35,16.0,16.0,3.0,0.0,63.0,2.0,97.0,14.0,THREAT,None,1.0,0.0,0.0
36,17.0,17.0,3.0,0.0,63.0,2.0,103.0,15.0,THREAT,None,1.0,0.0007611111111111112,0.003229120967418567
37,18.0,18.0,3.0,0.0,63.0,2.0,109.0,16.0,SAFE,None,1.0,0.0007611111111111112,0.003229120967418567
38,0.0,0.0,3.0,0.0,63.0,3.0,1.0,0.0,SAFE,None,1.0,0.0007611111111111112,0.003229120967418567
39,1.0,1.0,3.0,0.0,63.0,3.0,7.0,1.0,SAFE,None,1.0,0.0007611111111111112,0.003229120967418567
40,2.0,2.0,3.0,0.0,63.0,3.0,13.0,2.0,SAFE,None,1.0,0.0007611111111111112,0.003229120967418567
41,3.0,3.0,3.0,0.0,63.0,3.0,19.0,3.0,SAFE,None,1.0,0.0007611111111111112,0.003229120967418567
42,4.0,4.0,3.0,0.0,63.0,3.0,25.0,4.0,SAFE,None,1.0,0.0007611111111111112,0.003229120967418567
43,5.0,5.0,3.0,0.0,63.0,3.0,31.0,5.0,THREAT,None,1.0,0.0007611111111111112,0.003229120967418567
44,6.0,6.0,3.0,0.0137,63.0,3.0,37.0,6.0,THREAT,None,1.0,0.0007611111111111112,0.003229120967418567
45,7.0,7.0,3.0,0.0,63.0,3.0,43.0,7.0,THREAT,prior,1.0,0.0007611111111111112,0.003229120967418567
46,,,,,,,,,,,,0.0007611111111111112,0.003229120967418567
47,9.0,9.0,3.0,0.0,63.0,3.0,55.0,7.0,THREAT,post,1.0,0.0007611111111111112,0.003229120967418567
48,10.0,10.0,3.0,0.0,63.0,3.0,61.0,8.0,THREAT,None,1.0,0.0007611111111111112,0.003229120967418567
49,11.0,11.0,3.0,0.0,63.0,3.0,67.0,9.0,THREAT,None,1.0,0.0007611111111111112,0.003229120967418567
50,12.0,12.0,3.0,0.0,63.0,3.0,73.0,10.0,SAFE,None,1.0,0.0007611111111111112,0.003229120967418567
51,13.0,13.0,3.0,0.0,63.0,3.0,79.0,11.0,THREAT,None,1.0,0.0007611111111111112,0.003229120967418567
52,14.0,14.0,3.0,0.0,63.0,3.0,85.0,12.0,SAFE,None,1.0,0.0007611111111111112,0.003229120967418567
53,15.0,15.0,3.0,0.0,63.0,3.0,91.0,13.0,THREAT,None,1.0,0.0007611111111111112,0.003229120967418567
54,16.0,16.0,3.0,0.0,63.0,3.0,97.0,14.0,SAFE,None,1.0,0.0003111111111111111,0.0013199326582148886
55,17.0,17.0,3.0,0.0,63.0,3.0,103.0,15.0,THREAT,None,1.0,0.0003111111111111111,0.0013199326582148886
56,18.0,18.0,3.0,0.0,63.0,3.0,109.0,16.0,SAFE,None,1.0,0.0003111111111111111,0.0013199326582148886
57,0.0,0.0,3.0,0.0,63.0,4.0,1.0,0.0,THREAT,None,1.0,0.0003111111111111111,0.0013199326582148886
58,1.0,1.0,3.0,0.0,63.0,4.0,7.0,1.0,THREAT,None,1.0,0.0003111111111111111,0.0013199326582148886
59,2.0,2.0,3.0,0.0,63.0,4.0,13.0,2.0,SAFE,None,1.0,0.0003111111111111111,0.0013199326582148886
60,3.0,3.0,3.0,0.0,63.0,4.0,19.0,3.0,SAFE,None,1.0,0.0003111111111111111,0.0013199326582148886
61,4.0,4.0,3.0,0.0,63.0,4.0,25.0,4.0,SAFE,None,1.0,0.0003111111111111111,0.0013199326582148886
62,5.0,5.0,3.0,0.0,63.0,4.0,31.0,5.0,THREAT,None,1.0,0.0003111111111111111,0.0013199326582148886
63,6.0,6.0,3.0,0.0,63.0,4.0,37.0,6.0,THREAT,None,1.0,0.0003111111111111111,0.0013199326582148886
64,7.0,7.0,3.0,0.0,63.0,4.0,43.0,7.0,THREAT,prior,1.0,0.0003111111111111111,0.0013199326582148886
65,,,,,,,,,,,,0.0003111111111111111,0.0013199326582148886
66,9.0,9.0,3.0,0.0,63.0,4.0,55.0,7.0,THREAT,post,1.0,0.0003111111111111111,0.0013199326582148886
67,10.0,10.0,3.0,0.0,63.0,4.0,61.0,8.0,SAFE,None,1.0,0.0003111111111111111,0.0013199326582148886
68,11.0,11.0,3.0,0.0,63.0,4.0,67.0,9.0,SAFE,None,1.0,0.0003111111111111111,0.0013199326582148886
69,12.0,12.0,3.0,0.0,63.0,4.0,73.0,10.0,SAFE,None,1.0,0.0003111111111111111,0.0013199326582148886
70,13.0,13.0,3.0,0.0,63.0,4.0,79.0,11.0,THREAT,None,1.0,0.0003111111111111111,0.0013199326582148886
71,14.0,14.0,3.0,0.0056,63.0,4.0,85.0,12.0,THREAT,None,1.0,0.0003111111111111111,0.0013199326582148886
72,15.0,15.0,3.0,0.0,63.0,4.0,91.0,13.0,SAFE,None,1.0,0.0,0.0
73,16.0,16.0,3.0,0.0,63.0,4.0,97.0,14.0,THREAT,None,1.0,0.0,0.0
74,17.0,17.0,3.0,0.0,63.0,4.0,103.0,15.0,SAFE,None,1.0,0.0,0.0
75,18.0,18.0,3.0,0.0,63.0,4.0,109.0,16.0,THREAT,None,1.0,0.0,0.0
76,0.0,0.0,3.0,0.0,63.0,5.0,1.0,0.0,THREAT,None,1.0,0.0,0.0
77,1.0,1.0,3.0,0.0,63.0,5.0,7.0,1.0,THREAT,None,1.0,0.0,0.0
78,2.0,2.0,3.0,0.0,63.0,5.0,13.0,2.0,SAFE,None,1.0,0.0,0.0
79,3.0,3.0,3.0,0.0,63.0,5.0,19.0,3.0,SAFE,None,1.0,0.0,0.0
80,4.0,4.0,3.0,0.0,63.0,5.0,25.0,4.0,SAFE,prior,1.0,0.0,0.0
81,,,,,,,,,,,,0.0,0.0
82,6.0,6.0,3.0,0.0,63.0,5.0,37.0,4.0,SAFE,post,1.0,0.0,0.0
83,7.0,7.0,3.0,0.0,63.0,5.0,43.0,5.0,THREAT,None,1.0,0.0,0.0
84,8.0,8.0,3.0,0.0,63.0,5.0,49.0,6.0,THREAT,None,1.0,0.0,0.0
85,9.0,9.0,3.0,0.0,63.0,5.0,55.0,7.0,SAFE,None,1.0,0.0,0.0
86,10.0,10.0,3.0,0.0,63.0,5.0,61.0,8.0,SAFE,None,1.0,0.0,0.0
87,11.0,11.0,3.0,0.0,63.0,5.0,67.0,9.0,SAFE,None,1.0,0.0,0.0
88,12.0,12.0,3.0,0.0,63.0,5.0,73.0,10.0,THREAT,None,1.0,0.0,0.0
89,13.0,13.0,3.0,0.0,63.0,5.0,79.0,11.0,THREAT,None,1.0,0.0,0.0
90,14.0,14.0,3.0,0.0,63.0,5.0,85.0,12.0,SAFE,None,1.0,0.048600000000000004,0.0870848065359955
91,15.0,15.0,3.0,0.0,63.0,5.0,91.0,13.0,THREAT,None,1.0,0.048600000000000004,0.0870848065359955
92,16.0,16.0,3.0,0.0,63.0,5.0,97.0,14.0,THREAT,None,1.0,0.048600000000000004,0.0870848065359955
93,17.0,17.0,3.0,0.0,63.0,5.0,103.0,15.0,SAFE,None,1.0,0.048600000000000004,0.0870848065359955
94,18.0,18.0,3.0,0.0,63.0,5.0,109.0,16.0,THREAT,None,1.0,0.048600000000000004,0.0870848065359955
95,0.0,0.0,3.0,0.0,64.0,1.0,1.0,0.0,SAFE,None,1.0,0.048600000000000004,0.0870848065359955
96,1.0,1.0,3.0,0.0727,64.0,1.0,7.0,1.0,THREAT,None,1.0,0.048600000000000004,0.0870848065359955
97,2.0,2.0,3.0,0.1297,64.0,1.0,13.0,2.0,SAFE,None,1.0,0.048600000000000004,0.0870848065359955
98,3.0,3.0,3.0,0.0,64.0,1.0,19.0,3.0,THREAT,None,1.0,0.048600000000000004,0.0870848065359955
99,4.0,4.0,3.0,0.0112,64.0,1.0,25.0,4.0,THREAT,None,1.0,0.048600000000000004,0.0870848065359955
100,5.0,5.0,3.0,0.0,64.0,1.0,31.0,5.0,THREAT,None,1.0,0.048600000000000004,0.0870848065359955
101,6.0,6.0,3.0,0.0,64.0,1.0,37.0,6.0,THREAT,None,1.0,0.048600000000000004,0.0870848065359955
102,7.0,7.0,3.0,0.0081,64.0,1.0,43.0,7.0,SAFE,None,1.0,0.048600000000000004,0.0870848065359955
103,8.0,8.0,3.0,0.0,64.0,1.0,49.0,8.0,SAFE,None,1.0,0.048600000000000004,0.0870848065359955
104,9.0,9.0,3.0,0.0163,64.0,1.0,55.0,9.0,SAFE,None,1.0,0.048600000000000004,0.0870848065359955
105,10.0,10.0,3.0,0.0982,64.0,1.0,61.0,10.0,SAFE,None,1.0,0.048600000000000004,0.0870848065359955
106,11.0,11.0,3.0,0.0,64.0,1.0,67.0,11.0,SAFE,None,1.0,0.048600000000000004,0.0870848065359955
107,12.0,12.0,3.0,0.0193,64.0,1.0,73.0,12.0,THREAT,None,1.0,0.048600000000000004,0.0870848065359955
108,13.0,13.0,3.0,0.0066,64.0,1.0,79.0,13.0,THREAT,prior,1.0,0.023755555555555554,0.05145823231711923
109,,,,,,,,,,,,0.023755555555555554,0.05145823231711923
110,15.0,15.0,3.0,0.028999999999999998,64.0,1.0,91.0,13.0,THREAT,post,1.0,0.023755555555555554,0.05145823231711923
111,16.0,16.0,3.0,0.0,64.0,1.0,97.0,14.0,SAFE,None,1.0,0.023755555555555554,0.05145823231711923
112,17.0,17.0,3.0,0.1394,64.0,1.0,103.0,15.0,THREAT,None,1.0,0.023755555555555554,0.05145823231711923
113,18.0,18.0,3.0,0.3443,64.0,1.0,109.0,16.0,SAFE,None,1.0,0.023755555555555554,0.05145823231711923
114,0.0,0.0,3.0,0.0,64.0,2.0,1.0,0.0,SAFE,None,1.0,0.023755555555555554,0.05145823231711923
115,1.0,1.0,3.0,0.0,64.0,2.0,7.0,1.0,THREAT,None,1.0,0.023755555555555554,0.05145823231711923
116,2.0,2.0,3.0,0.0671,64.0,2.0,13.0,2.0,THREAT,None,1.0,0.023755555555555554,0.05145823231711923
117,3.0,3.0,3.0,0.0,64.0,2.0,19.0,3.0,THREAT,None,1.0,0.023755555555555554,0.05145823231711923
118,4.0,4.0,3.0,0.0,64.0,2.0,25.0,4.0,SAFE,None,1.0,0.023755555555555554,0.05145823231711923
119,5.0,5.0,3.0,0.0,64.0,2.0,31.0,5.0,THREAT,None,1.0,0.023755555555555554,0.05145823231711923
120,6.0,6.0,3.0,0.0061,64.0,2.0,37.0,6.0,SAFE,None,1.0,0.023755555555555554,0.05145823231711923
121,7.0,7.0,3.0,0.0122,64.0,2.0,43.0,7.0,THREAT,prior,1.0,0.023755555555555554,0.05145823231711923
122,,,,,,,,,,,,0.023755555555555554,0.05145823231711923
123,9.0,9.0,3.0,0.0,64.0,2.0,55.0,7.0,THREAT,post,1.0,0.023755555555555554,0.05145823231711923
124,10.0,10.0,3.0,0.0137,64.0,2.0,61.0,8.0,SAFE,None,1.0,0.023755555555555554,0.05145823231711923
125,11.0,11.0,3.0,0.0061,64.0,2.0,67.0,9.0,SAFE,None,1.0,0.023755555555555554,0.05145823231711923
126,12.0,12.0,3.0,0.0,64.0,2.0,73.0,10.0,SAFE,None,1.0,0.06948888888888889,0.07004836051227407
127,13.0,13.0,3.0,0.0727,64.0,2.0,79.0,11.0,SAFE,None,1.0,0.06948888888888889,0.07004836051227407
128,14.0,14.0,3.0,0.0,64.0,2.0,85.0,12.0,SAFE,None,1.0,0.06948888888888889,0.07004836051227407
129,15.0,15.0,3.0,0.0051,64.0,2.0,91.0,13.0,THREAT,None,1.0,0.06948888888888889,0.07004836051227407
130,16.0,16.0,3.0,0.0356,64.0,2.0,97.0,14.0,THREAT,None,1.0,0.06948888888888889,0.07004836051227407
131,17.0,17.0,3.0,0.0,64.0,2.0,103.0,15.0,THREAT,None,1.0,0.06948888888888889,0.07004836051227407
132,18.0,18.0,3.0,0.209,64.0,2.0,109.0,16.0,SAFE,None,1.0,0.06948888888888889,0.07004836051227407
133,0.0,0.0,3.0,0.0076,64.0,3.0,1.0,0.0,SAFE,None,1.0,0.06948888888888889,0.07004836051227407
134,1.0,1.0,3.0,0.0061,64.0,3.0,7.0,1.0,SAFE,None,1.0,0.06948888888888889,0.07004836051227407
135,2.0,2.0,3.0,0.0565,64.0,3.0,13.0,2.0,SAFE,None,1.0,0.06948888888888889,0.07004836051227407
136,3.0,3.0,3.0,0.1185,64.0,3.0,19.0,3.0,SAFE,None,1.0,0.06948888888888889,0.07004836051227407
137,4.0,4.0,3.0,0.1668,64.0,3.0,25.0,4.0,SAFE,None,1.0,0.06948888888888889,0.07004836051227407
138,5.0,5.0,3.0,0.0,64.0,3.0,31.0,5.0,THREAT,None,1.0,0.06948888888888889,0.07004836051227407
139,6.0,6.0,3.0,0.0763,64.0,3.0,37.0,6.0,THREAT,None,1.0,0.06948888888888889,0.07004836051227407
140,7.0,7.0,3.0,0.0753,64.0,3.0,43.0,7.0,THREAT,prior,1.0,0.06948888888888889,0.07004836051227407
141,,,,,,,,,,,,0.06948888888888889,0.07004836051227407
142,9.0,9.0,3.0,0.0056,64.0,3.0,55.0,7.0,THREAT,post,1.0,0.06948888888888889,0.07004836051227407
143,10.0,10.0,3.0,0.0524,64.0,3.0,61.0,8.0,THREAT,None,1.0,0.06948888888888889,0.07004836051227407
144,11.0,11.0,3.0,0.03,64.0,3.0,67.0,9.0,THREAT,None,1.0,0.05131111111111111,0.07747533868641791
145,12.0,12.0,3.0,0.0702,64.0,3.0,73.0,10.0,SAFE,None,1.0,0.05131111111111111,0.07747533868641791
146,13.0,13.0,3.0,0.147,64.0,3.0,79.0,11.0,THREAT,None,1.0,0.05131111111111111,0.07747533868641791
147,14.0,14.0,3.0,0.0081,64.0,3.0,85.0,12.0,SAFE,None,1.0,0.05131111111111111,0.07747533868641791
148,15.0,15.0,3.0,0.0524,64.0,3.0,91.0,13.0,THREAT,None,1.0,0.05131111111111111,0.07747533868641791
149,16.0,16.0,3.0,0.0,64.0,3.0,97.0,14.0,SAFE,None,1.0,0.05131111111111111,0.07747533868641791
150,17.0,17.0,3.0,0.2569,64.0,3.0,103.0,15.0,THREAT,None,1.0,0.05131111111111111,0.07747533868641791
151,18.0,18.0,3.0,0.1211,64.0,3.0,109.0,16.0,SAFE,None,1.0,0.05131111111111111,0.07747533868641791
152,0.0,0.0,3.0,0.0285,64.0,4.0,1.0,0.0,THREAT,None,1.0,0.05131111111111111,0.07747533868641791
153,1.0,1.0,3.0,0.0092,64.0,4.0,7.0,1.0,THREAT,None,1.0,0.05131111111111111,0.07747533868641791
154,2.0,2.0,3.0,0.0,64.0,4.0,13.0,2.0,SAFE,None,1.0,0.05131111111111111,0.07747533868641791
155,3.0,3.0,3.0,0.0,64.0,4.0,19.0,3.0,SAFE,None,1.0,0.05131111111111111,0.07747533868641791
156,4.0,4.0,3.0,0.1007,64.0,4.0,25.0,4.0,SAFE,None,1.0,0.05131111111111111,0.07747533868641791
157,5.0,5.0,3.0,0.0,64.0,4.0,31.0,5.0,THREAT,None,1.0,0.05131111111111111,0.07747533868641791
158,6.0,6.0,3.0,0.0,64.0,4.0,37.0,6.0,THREAT,None,1.0,0.05131111111111111,0.07747533868641791
159,7.0,7.0,3.0,0.0234,64.0,4.0,43.0,7.0,THREAT,prior,1.0,0.05131111111111111,0.07747533868641791
160,,,,,,,,,,,,0.05131111111111111,0.07747533868641791
161,9.0,9.0,3.0,0.0214,64.0,4.0,55.0,7.0,THREAT,post,1.0,0.05131111111111111,0.07747533868641791
162,10.0,10.0,3.0,0.0,64.0,4.0,61.0,8.0,SAFE,None,1.0,0.04196111111111111,0.06817953927068882
163,11.0,11.0,3.0,0.0,64.0,4.0,67.0,9.0,SAFE,None,1.0,0.04196111111111111,0.06817953927068882
164,12.0,12.0,3.0,0.0351,64.0,4.0,73.0,10.0,SAFE,None,1.0,0.04196111111111111,0.06817953927068882
165,13.0,13.0,3.0,0.2029,64.0,4.0,79.0,11.0,THREAT,None,1.0,0.04196111111111111,0.06817953927068882
166,14.0,14.0,3.0,0.0615,64.0,4.0,85.0,12.0,THREAT,None,1.0,0.04196111111111111,0.06817953927068882
167,15.0,15.0,3.0,0.08800000000000001,64.0,4.0,91.0,13.0,SAFE,None,1.0,0.04196111111111111,0.06817953927068882
168,16.0,16.0,3.0,0.0381,64.0,4.0,97.0,14.0,THREAT,None,1.0,0.04196111111111111,0.06817953927068882
169,17.0,17.0,3.0,0.03,64.0,4.0,103.0,15.0,SAFE,None,1.0,0.04196111111111111,0.06817953927068882
170,18.0,18.0,3.0,0.2848,64.0,4.0,109.0,16.0,THREAT,None,1.0,0.04196111111111111,0.06817953927068882
171,0.0,0.0,3.0,0.061,64.0,5.0,1.0,0.0,THREAT,None,1.0,0.04196111111111111,0.06817953927068882
172,1.0,1.0,3.0,0.0066,64.0,5.0,7.0,1.0,THREAT,None,1.0,0.04196111111111111,0.06817953927068882
173,2.0,2.0,3.0,0.115,64.0,5.0,13.0,2.0,SAFE,None,1.0,0.04196111111111111,0.06817953927068882
174,3.0,3.0,3.0,0.0254,64.0,5.0,19.0,3.0,SAFE,None,1.0,0.04196111111111111,0.06817953927068882
175,4.0,4.0,3.0,0.1165,64.0,5.0,25.0,4.0,SAFE,prior,1.0,0.04196111111111111,0.06817953927068882
176,,,,,,,,,,,,0.04196111111111111,0.06817953927068882
177,6.0,6.0,3.0,0.0092,64.0,5.0,37.0,4.0,SAFE,post,1.0,0.04196111111111111,0.06817953927068882
178,7.0,7.0,3.0,0.0,64.0,5.0,43.0,5.0,THREAT,None,1.0,0.04196111111111111,0.06817953927068882
179,8.0,8.0,3.0,0.0,64.0,5.0,49.0,6.0,THREAT,None,1.0,0.04196111111111111,0.06817953927068882
180,9.0,9.0,3.0,0.0,64.0,5.0,55.0,7.0,SAFE,None,1.0,0.03534444444444444,0.05896247283327234
181,10.0,10.0,3.0,0.0295,64.0,5.0,61.0,8.0,SAFE,None,1.0,0.03534444444444444,0.05896247283327234
182,11.0,11.0,3.0,0.0,64.0,5.0,67.0,9.0,SAFE,None,1.0,0.03534444444444444,0.05896247283327234
183,12.0,12.0,3.0,0.0183,64.0,5.0,73.0,10.0,THREAT,None,1.0,0.03534444444444444,0.05896247283327234
184,13.0,13.0,3.0,0.0,64.0,5.0,79.0,11.0,THREAT,None,1.0,0.03534444444444444,0.05896247283327234
185,14.0,14.0,3.0,0.0,64.0,5.0,85.0,12.0,SAFE,None,1.0,0.03534444444444444,0.05896247283327234
186,15.0,15.0,3.0,0.0427,64.0,5.0,91.0,13.0,THREAT,None,1.0,0.03534444444444444,0.05896247283327234
187,16.0,16.0,3.0,0.0209,64.0,5.0,97.0,14.0,THREAT,None,1.0,0.03534444444444444,0.05896247283327234
188,17.0,17.0,3.0,0.0371,64.0,5.0,103.0,15.0,SAFE,None,1.0,0.03534444444444444,0.05896247283327234
189,18.0,18.0,3.0,0.2731,64.0,5.0,109.0,16.0,THREAT,None,1.0,0.03534444444444444,0.05896247283327234
190,0.0,0.0,3.0,0.0331,66.0,1.0,1.0,0.0,SAFE,None,1.0,0.03534444444444444,0.05896247283327234
191,1.0,1.0,3.0,0.0834,66.0,1.0,7.0,1.0,THREAT,None,1.0,0.03534444444444444,0.05896247283327234
192,2.0,2.0,3.0,0.0,66.0,1.0,13.0,2.0,SAFE,None,1.0,0.03534444444444444,0.05896247283327234
193,3.0,3.0,3.0,0.0188,66.0,1.0,19.0,3.0,THREAT,None,1.0,0.03534444444444444,0.05896247283327234
194,4.0,4.0,3.0,0.0,66.0,1.0,25.0,4.0,THREAT,None,1.0,0.03534444444444444,0.05896247283327234
195,5.0,5.0,3.0,0.0,66.0,1.0,31.0,5.0,THREAT,None,1.0,0.03534444444444444,0.05896247283327234
196,6.0,6.0,3.0,0.0,66.0,1.0,37.0,6.0,THREAT,None,1.0,0.03534444444444444,0.05896247283327234
197,7.0,7.0,3.0,0.0,66.0,1.0,43.0,7.0,SAFE,None,1.0,0.03534444444444444,0.05896247283327234
198,8.0,8.0,3.0,0.0127,66.0,1.0,49.0,8.0,SAFE,None,1.0,0.1043277777777778,0.16590338366777907
199,9.0,9.0,3.0,0.0193,66.0,1.0,55.0,9.0,SAFE,None,1.0,0.1043277777777778,0.16590338366777907
200,10.0,10.0,3.0,0.1282,66.0,1.0,61.0,10.0,SAFE,None,1.0,0.1043277777777778,0.16590338366777907
201,11.0,11.0,3.0,0.0,66.0,1.0,67.0,11.0,SAFE,None,1.0,0.1043277777777778,0.16590338366777907
202,12.0,12.0,3.0,0.1139,66.0,1.0,73.0,12.0,THREAT,None,1.0,0.1043277777777778,0.16590338366777907
203,13.0,13.0,3.0,0.0,66.0,1.0,79.0,13.0,THREAT,prior,1.0,0.1043277777777778,0.16590338366777907
204,,,,,,,,,,,,0.1043277777777778,0.16590338366777907
205,15.0,15.0,3.0,0.0198,66.0,1.0,91.0,13.0,THREAT,post,1.0,0.1043277777777778,0.16590338366777907
206,16.0,16.0,3.0,0.0,66.0,1.0,97.0,14.0,SAFE,None,1.0,0.1043277777777778,0.16590338366777907
207,17.0,17.0,3.0,0.0,66.0,1.0,103.0,15.0,THREAT,None,1.0,0.1043277777777778,0.16590338366777907
208,18.0,18.0,3.0,0.207,66.0,1.0,109.0,16.0,SAFE,None,1.0,0.1043277777777778,0.16590338366777907
209,0.0,0.0,3.0,0.1841,66.0,2.0,1.0,0.0,SAFE,None,1.0,0.1043277777777778,0.16590338366777907
210,1.0,1.0,3.0,0.0,66.0,2.0,7.0,1.0,THREAT,None,1.0,0.1043277777777778,0.16590338366777907
211,2.0,2.0,3.0,0.0,66.0,2.0,13.0,2.0,THREAT,None,1.0,0.1043277777777778,0.16590338366777907
212,3.0,3.0,3.0,0.0,66.0,2.0,19.0,3.0,THREAT,None,1.0,0.1043277777777778,0.16590338366777907
213,4.0,4.0,3.0,0.0,66.0,2.0,25.0,4.0,SAFE,None,1.0,0.1043277777777778,0.16590338366777907
214,5.0,5.0,3.0,0.0361,66.0,2.0,31.0,5.0,THREAT,None,1.0,0.1043277777777778,0.16590338366777907
215,6.0,6.0,3.0,0.2589,66.0,2.0,37.0,6.0,SAFE,None,1.0,0.1043277777777778,0.16590338366777907
216,7.0,7.0,3.0,0.0188,66.0,2.0,43.0,7.0,THREAT,prior,1.0,0.06061111111111111,0.059328565571826
217,,,,,,,,,,,,0.06061111111111111,0.059328565571826
218,9.0,9.0,3.0,0.0107,66.0,2.0,55.0,7.0,THREAT,post,1.0,0.06061111111111111,0.059328565571826
219,10.0,10.0,3.0,0.5702,66.0,2.0,61.0,8.0,SAFE,None,1.0,0.06061111111111111,0.059328565571826
220,11.0,11.0,3.0,0.0407,66.0,2.0,67.0,9.0,SAFE,None,1.0,0.06061111111111111,0.059328565571826
221,12.0,12.0,3.0,0.0168,66.0,2.0,73.0,10.0,SAFE,None,1.0,0.06061111111111111,0.059328565571826
222,13.0,13.0,3.0,0.0214,66.0,2.0,79.0,11.0,SAFE,None,1.0,0.06061111111111111,0.059328565571826
223,14.0,14.0,3.0,0.0356,66.0,2.0,85.0,12.0,SAFE,None,1.0,0.06061111111111111,0.059328565571826
224,15.0,15.0,3.0,0.0051,66.0,2.0,91.0,13.0,THREAT,None,1.0,0.06061111111111111,0.059328565571826
225,16.0,16.0,3.0,0.3128,66.0,2.0,97.0,14.0,THREAT,None,1.0,0.06061111111111111,0.059328565571826
226,17.0,17.0,3.0,0.0,66.0,2.0,103.0,15.0,THREAT,None,1.0,0.06061111111111111,0.059328565571826
227,18.0,18.0,3.0,0.3667,66.0,2.0,109.0,16.0,SAFE,None,1.0,0.06061111111111111,0.059328565571826
228,0.0,0.0,3.0,0.1348,66.0,3.0,1.0,0.0,SAFE,None,1.0,0.06061111111111111,0.059328565571826
229,1.0,1.0,3.0,0.0458,66.0,3.0,7.0,1.0,SAFE,None,1.0,0.06061111111111111,0.059328565571826
230,2.0,2.0,3.0,0.1511,66.0,3.0,13.0,2.0,SAFE,None,1.0,0.06061111111111111,0.059328565571826
231,3.0,3.0,3.0,0.0081,66.0,3.0,19.0,3.0,SAFE,None,1.0,0.06061111111111111,0.059328565571826
232,4.0,4.0,3.0,0.0168,66.0,3.0,25.0,4.0,SAFE,None,1.0,0.06061111111111111,0.059328565571826
233,5.0,5.0,3.0,0.0127,66.0,3.0,31.0,5.0,THREAT,None,1.0,0.06061111111111111,0.059328565571826
234,6.0,6.0,3.0,0.1317,66.0,3.0,37.0,6.0,THREAT,None,1.0,0.027411111111111112,0.05914571128491645
235,7.0,7.0,3.0,0.0336,66.0,3.0,43.0,7.0,THREAT,prior,1.0,0.027411111111111112,0.05914571128491645
236,,,,,,,,,,,,0.027411111111111112,0.05914571128491645
237,9.0,9.0,3.0,0.0046,66.0,3.0,55.0,7.0,THREAT,post,1.0,0.027411111111111112,0.05914571128491645
238,10.0,10.0,3.0,0.0524,66.0,3.0,61.0,8.0,THREAT,None,1.0,0.027411111111111112,0.05914571128491645
239,11.0,11.0,3.0,0.207,66.0,3.0,67.0,9.0,THREAT,None,1.0,0.027411111111111112,0.05914571128491645
240,12.0,12.0,3.0,0.086,66.0,3.0,73.0,10.0,SAFE,None,1.0,0.027411111111111112,0.05914571128491645
241,13.0,13.0,3.0,0.0549,66.0,3.0,79.0,11.0,THREAT,None,1.0,0.027411111111111112,0.05914571128491645
242,14.0,14.0,3.0,0.0488,66.0,3.0,85.0,12.0,SAFE,None,1.0,0.027411111111111112,0.05914571128491645
243,15.0,15.0,3.0,0.0264,66.0,3.0,91.0,13.0,THREAT,None,1.0,0.027411111111111112,0.05914571128491645
244,16.0,16.0,3.0,0.0,66.0,3.0,97.0,14.0,SAFE,None,1.0,0.027411111111111112,0.05914571128491645
245,17.0,17.0,3.0,0.0076,66.0,3.0,103.0,15.0,THREAT,None,1.0,0.027411111111111112,0.05914571128491645
246,18.0,18.0,3.0,0.0687,66.0,3.0,109.0,16.0,SAFE,None,1.0,0.027411111111111112,0.05914571128491645
247,0.0,0.0,3.0,0.2401,66.0,4.0,1.0,0.0,THREAT,None,1.0,0.027411111111111112,0.05914571128491645
248,1.0,1.0,3.0,0.0615,66.0,4.0,7.0,1.0,THREAT,None,1.0,0.027411111111111112,0.05914571128491645
249,2.0,2.0,3.0,0.0,66.0,4.0,13.0,2.0,SAFE,None,1.0,0.027411111111111112,0.05914571128491645
250,3.0,3.0,3.0,0.0097,66.0,4.0,19.0,3.0,SAFE,None,1.0,0.027411111111111112,0.05914571128491645
251,4.0,4.0,3.0,0.0936,66.0,4.0,25.0,4.0,SAFE,None,1.0,0.027411111111111112,0.05914571128491645
252,5.0,5.0,3.0,0.0,66.0,4.0,31.0,5.0,THREAT,None,1.0,0.008511111111111112,0.012704324825863266
253,6.0,6.0,3.0,0.0,66.0,4.0,37.0,6.0,THREAT,None,1.0,0.008511111111111112,0.012704324825863266
254,7.0,7.0,3.0,0.0,66.0,4.0,43.0,7.0,THREAT,prior,1.0,0.008511111111111112,0.012704324825863266
255,,,,,,,,,,,,0.008511111111111112,0.012704324825863266
256,9.0,9.0,3.0,0.0127,66.0,4.0,55.0,7.0,THREAT,post,1.0,0.008511111111111112,0.012704324825863266
257,10.0,10.0,3.0,0.032,66.0,4.0,61.0,8.0,SAFE,None,1.0,0.008511111111111112,0.012704324825863266
258,11.0,11.0,3.0,0.0,66.0,4.0,67.0,9.0,SAFE,None,1.0,0.008511111111111112,0.012704324825863266
259,12.0,12.0,3.0,0.0,66.0,4.0,73.0,10.0,SAFE,None,1.0,0.008511111111111112,0.012704324825863266
260,13.0,13.0,3.0,0.0,66.0,4.0,79.0,11.0,THREAT,None,1.0,0.008511111111111112,0.012704324825863266
261,14.0,14.0,3.0,0.0,66.0,4.0,85.0,12.0,THREAT,None,1.0,0.008511111111111112,0.012704324825863266
262,15.0,15.0,3.0,0.0,66.0,4.0,91.0,13.0,SAFE,None,1.0,0.008511111111111112,0.012704324825863266
263,16.0,16.0,3.0,0.0051,66.0,4.0,97.0,14.0,THREAT,None,1.0,0.008511111111111112,0.012704324825863266
264,17.0,17.0,3.0,0.0,66.0,4.0,103.0,15.0,SAFE,None,1.0,0.008511111111111112,0.012704324825863266
265,18.0,18.0,3.0,0.0387,66.0,4.0,109.0,16.0,THREAT,None,1.0,0.008511111111111112,0.012704324825863266
266,0.0,0.0,3.0,0.0163,66.0,5.0,1.0,0.0,THREAT,None,1.0,0.008511111111111112,0.012704324825863266
267,1.0,1.0,3.0,0.0,66.0,5.0,7.0,1.0,THREAT,None,1.0,0.008511111111111112,0.012704324825863266
268,2.0,2.0,3.0,0.0,66.0,5.0,13.0,2.0,SAFE,None,1.0,0.008511111111111112,0.012704324825863266
269,3.0,3.0,3.0,0.0,66.0,5.0,19.0,3.0,SAFE,None,1.0,0.008511111111111112,0.012704324825863266
270,4.0,4.0,3.0,0.0,66.0,5.0,25.0,4.0,SAFE,prior,1.0,0.027688888888888888,0.034480597935461155
271,,,,,,,,,,,,0.027688888888888888,0.034480597935461155
272,6.0,6.0,3.0,0.0097,66.0,5.0,37.0,4.0,SAFE,post,1.0,0.027688888888888888,0.034480597935461155
273,7.0,7.0,3.0,0.0081,66.0,5.0,43.0,5.0,THREAT,None,1.0,0.027688888888888888,0.034480597935461155
274,8.0,8.0,3.0,0.0071,66.0,5.0,49.0,6.0,THREAT,None,1.0,0.027688888888888888,0.034480597935461155
275,9.0,9.0,3.0,0.0036,66.0,5.0,55.0,7.0,SAFE,None,1.0,0.027688888888888888,0.034480597935461155
276,10.0,10.0,3.0,0.0086,66.0,5.0,61.0,8.0,SAFE,None,1.0,0.027688888888888888,0.034480597935461155
277,11.0,11.0,3.0,0.0107,66.0,5.0,67.0,9.0,SAFE,None,1.0,0.027688888888888888,0.034480597935461155
278,12.0,12.0,3.0,0.0,66.0,5.0,73.0,10.0,THREAT,None,1.0,0.027688888888888888,0.034480597935461155
279,13.0,13.0,3.0,0.0092,66.0,5.0,79.0,11.0,THREAT,None,1.0,0.027688888888888888,0.034480597935461155
280,14.0,14.0,3.0,0.0,66.0,5.0,85.0,12.0,SAFE,None,1.0,0.027688888888888888,0.034480597935461155
281,15.0,15.0,3.0,0.0,66.0,5.0,91.0,13.0,THREAT,None,1.0,0.027688888888888888,0.034480597935461155
282,16.0,16.0,3.0,0.0331,66.0,5.0,97.0,14.0,THREAT,None,1.0,0.027688888888888888,0.034480597935461155
283,17.0,17.0,3.0,0.0,66.0,5.0,103.0,15.0,SAFE,None,1.0,0.027688888888888888,0.034480597935461155
284,18.0,18.0,3.0,0.0468,66.0,5.0,109.0,16.0,THREAT,None,1.0,0.027688888888888888,0.034480597935461155
285,0.0,0.0,3.0,0.09,67.0,1.0,1.0,0.0,SAFE,None,1.0,0.027688888888888888,0.034480597935461155
286,1.0,1.0,3.0,0.0519,67.0,1.0,7.0,1.0,THREAT,None,1.0,0.027688888888888888,0.034480597935461155
287,2.0,2.0,3.0,0.0051,67.0,1.0,13.0,2.0,SAFE,None,1.0,0.027688888888888888,0.034480597935461155
288,3.0,3.0,3.0,0.0137,67.0,1.0,19.0,3.0,THREAT,None,1.0,0.026372222222222224,0.03824118207555759
289,4.0,4.0,3.0,0.0163,67.0,1.0,25.0,4.0,THREAT,None,1.0,0.026372222222222224,0.03824118207555759
290,5.0,5.0,3.0,0.0412,67.0,1.0,31.0,5.0,THREAT,None,1.0,0.026372222222222224,0.03824118207555759
291,6.0,6.0,3.0,0.0,67.0,1.0,37.0,6.0,THREAT,None,1.0,0.026372222222222224,0.03824118207555759
292,7.0,7.0,3.0,0.0061,67.0,1.0,43.0,7.0,SAFE,None,1.0,0.026372222222222224,0.03824118207555759
293,8.0,8.0,3.0,0.0224,67.0,1.0,49.0,8.0,SAFE,None,1.0,0.026372222222222224,0.03824118207555759
294,9.0,9.0,3.0,0.0142,67.0,1.0,55.0,9.0,SAFE,None,1.0,0.026372222222222224,0.03824118207555759
295,10.0,10.0,3.0,0.0697,67.0,1.0,61.0,10.0,SAFE,None,1.0,0.026372222222222224,0.03824118207555759
296,11.0,11.0,3.0,0.0,67.0,1.0,67.0,11.0,SAFE,None,1.0,0.026372222222222224,0.03824118207555759
297,12.0,12.0,3.0,0.0107,67.0,1.0,73.0,12.0,THREAT,None,1.0,0.026372222222222224,0.03824118207555759
298,13.0,13.0,3.0,0.0076,67.0,1.0,79.0,13.0,THREAT,prior,1.0,0.026372222222222224,0.03824118207555759
299,,,,,,,,,,,,0.026372222222222224,0.03824118207555759
300,15.0,15.0,3.0,0.0295,67.0,1.0,91.0,13.0,THREAT,post,1.0,0.026372222222222224,0.03824118207555759
301,16.0,16.0,3.0,0.0,67.0,1.0,97.0,14.0,SAFE,None,1.0,0.026372222222222224,0.03824118207555759
302,17.0,17.0,3.0,0.0,67.0,1.0,103.0,15.0,THREAT,None,1.0,0.026372222222222224,0.03824118207555759
303,18.0,18.0,3.0,0.12,67.0,1.0,109.0,16.0,SAFE,None,1.0,0.026372222222222224,0.03824118207555759
304,0.0,0.0,3.0,0.0112,67.0,2.0,1.0,0.0,SAFE,None,1.0,0.026372222222222224,0.03824118207555759
305,1.0,1.0,3.0,0.0,67.0,2.0,7.0,1.0,THREAT,None,1.0,0.026372222222222224,0.03824118207555759
306,2.0,2.0,3.0,0.0066,67.0,2.0,13.0,2.0,THREAT,None,1.0,0.007116666666666666,0.02406174043873752
307,3.0,3.0,3.0,0.0092,67.0,2.0,19.0,3.0,THREAT,None,1.0,0.007116666666666666,0.02406174043873752
308,4.0,4.0,3.0,0.0,67.0,2.0,25.0,4.0,SAFE,None,1.0,0.007116666666666666,0.02406174043873752
309,5.0,5.0,3.0,0.0046,67.0,2.0,31.0,5.0,THREAT,None,1.0,0.007116666666666666,0.02406174043873752
310,6.0,6.0,3.0,0.0,67.0,2.0,37.0,6.0,SAFE,None,1.0,0.007116666666666666,0.02406174043873752
311,7.0,7.0,3.0,0.0305,67.0,2.0,43.0,7.0,THREAT,prior,1.0,0.007116666666666666,0.02406174043873752
312,,,,,,,,,,,,0.007116666666666666,0.02406174043873752
313,9.0,9.0,3.0,0.0,67.0,2.0,55.0,7.0,THREAT,post,1.0,0.007116666666666666,0.02406174043873752
314,10.0,10.0,3.0,0.0209,67.0,2.0,61.0,8.0,SAFE,None,1.0,0.007116666666666666,0.02406174043873752
315,11.0,11.0,3.0,0.1073,67.0,2.0,67.0,9.0,SAFE,None,1.0,0.007116666666666666,0.02406174043873752
316,12.0,12.0,3.0,0.0,67.0,2.0,73.0,10.0,SAFE,None,1.0,0.007116666666666666,0.02406174043873752
317,13.0,13.0,3.0,0.0346,67.0,2.0,79.0,11.0,SAFE,None,1.0,0.007116666666666666,0.02406174043873752
318,14.0,14.0,3.0,0.0,67.0,2.0,85.0,12.0,SAFE,None,1.0,0.007116666666666666,0.02406174043873752
319,15.0,15.0,3.0,0.1282,67.0,2.0,91.0,13.0,THREAT,None,1.0,0.007116666666666666,0.02406174043873752
320,16.0,16.0,3.0,0.0351,67.0,2.0,97.0,14.0,THREAT,None,1.0,0.007116666666666666,0.02406174043873752
321,17.0,17.0,3.0,0.0148,67.0,2.0,103.0,15.0,THREAT,None,1.0,0.007116666666666666,0.02406174043873752
322,18.0,18.0,3.0,0.0717,67.0,2.0,109.0,16.0,SAFE,None,1.0,0.007116666666666666,0.02406174043873752
323,0.0,0.0,3.0,0.0188,67.0,3.0,1.0,0.0,SAFE,None,1.0,0.007116666666666666,0.02406174043873752
324,1.0,1.0,3.0,0.0,67.0,3.0,7.0,1.0,SAFE,None,1.0,0.06355555555555555,0.054566012069809676
325,2.0,2.0,3.0,0.0,67.0,3.0,13.0,2.0,SAFE,None,1.0,0.06355555555555555,0.054566012069809676
326,3.0,3.0,3.0,0.0,67.0,3.0,19.0,3.0,SAFE,None,1.0,0.06355555555555555,0.054566012069809676
327,4.0,4.0,3.0,0.0,67.0,3.0,25.0,4.0,SAFE,None,1.0,0.06355555555555555,0.054566012069809676
328,5.0,5.0,3.0,0.0,67.0,3.0,31.0,5.0,THREAT,None,1.0,0.06355555555555555,0.054566012069809676
329,6.0,6.0,3.0,0.0,67.0,3.0,37.0,6.0,THREAT,None,1.0,0.06355555555555555,0.054566012069809676
330,7.0,7.0,3.0,0.0,67.0,3.0,43.0,7.0,THREAT,prior,1.0,0.06355555555555555,0.054566012069809676
331,,,,,,,,,,,,0.06355555555555555,0.054566012069809676
332,9.0,9.0,3.0,0.0,67.0,3.0,55.0,7.0,THREAT,post,1.0,0.06355555555555555,0.054566012069809676
333,10.0,10.0,3.0,0.0,67.0,3.0,61.0,8.0,THREAT,None,1.0,0.06355555555555555,0.054566012069809676
334,11.0,11.0,3.0,0.0,67.0,3.0,67.0,9.0,THREAT,None,1.0,0.06355555555555555,0.054566012069809676
335,12.0,12.0,3.0,0.0076,67.0,3.0,73.0,10.0,SAFE,None,1.0,0.06355555555555555,0.054566012069809676
336,13.0,13.0,3.0,0.0,67.0,3.0,79.0,11.0,THREAT,None,1.0,0.06355555555555555,0.054566012069809676
337,14.0,14.0,3.0,0.0,67.0,3.0,85.0,12.0,SAFE,None,1.0,0.06355555555555555,0.054566012069809676
338,15.0,15.0,3.0,0.0,67.0,3.0,91.0,13.0,THREAT,None,1.0,0.06355555555555555,0.054566012069809676
339,16.0,16.0,3.0,0.0,67.0,3.0,97.0,14.0,SAFE,None,1.0,0.06355555555555555,0.054566012069809676
340,17.0,17.0,3.0,0.0,67.0,3.0,103.0,15.0,THREAT,None,1.0,0.06355555555555555,0.054566012069809676
341,18.0,18.0,3.0,0.1017,67.0,3.0,109.0,16.0,SAFE,None,1.0,0.06355555555555555,0.054566012069809676
342,0.0,0.0,3.0,0.0473,67.0,4.0,1.0,0.0,THREAT,None,1.0,0.043661111111111116,0.04035422769438733
343,1.0,1.0,3.0,0.0529,67.0,4.0,7.0,1.0,THREAT,None,1.0,0.043661111111111116,0.04035422769438733
344,2.0,2.0,3.0,0.1124,67.0,4.0,13.0,2.0,SAFE,None,1.0,0.043661111111111116,0.04035422769438733
345,3.0,3.0,3.0,0.0198,67.0,4.0,19.0,3.0,SAFE,None,1.0,0.043661111111111116,0.04035422769438733
346,4.0,4.0,3.0,0.057,67.0,4.0,25.0,4.0,SAFE,None,1.0,0.043661111111111116,0.04035422769438733
347,5.0,5.0,3.0,0.0224,67.0,4.0,31.0,5.0,THREAT,None,1.0,0.043661111111111116,0.04035422769438733
348,6.0,6.0,3.0,0.0336,67.0,4.0,37.0,6.0,THREAT,None,1.0,0.043661111111111116,0.04035422769438733
349,7.0,7.0,3.0,0.0,67.0,4.0,43.0,7.0,THREAT,prior,1.0,0.043661111111111116,0.04035422769438733
350,,,,,,,,,,,,0.043661111111111116,0.04035422769438733
351,9.0,9.0,3.0,0.0544,67.0,4.0,55.0,7.0,THREAT,post,1.0,0.043661111111111116,0.04035422769438733
352,10.0,10.0,3.0,0.17600000000000002,67.0,4.0,61.0,8.0,SAFE,None,1.0,0.043661111111111116,0.04035422769438733
353,11.0,11.0,3.0,0.1104,67.0,4.0,67.0,9.0,SAFE,None,1.0,0.043661111111111116,0.04035422769438733
354,12.0,12.0,3.0,0.1114,67.0,4.0,73.0,10.0,SAFE,None,1.0,0.043661111111111116,0.04035422769438733
355,13.0,13.0,3.0,0.0,67.0,4.0,79.0,11.0,THREAT,None,1.0,0.043661111111111116,0.04035422769438733
356,14.0,14.0,3.0,0.1353,67.0,4.0,85.0,12.0,THREAT,None,1.0,0.043661111111111116,0.04035422769438733
357,15.0,15.0,3.0,0.0,67.0,4.0,91.0,13.0,SAFE,None,1.0,0.043661111111111116,0.04035422769438733
358,16.0,16.0,3.0,0.0153,67.0,4.0,97.0,14.0,THREAT,None,1.0,0.043661111111111116,0.04035422769438733
359,17.0,17.0,3.0,0.0524,67.0,4.0,103.0,15.0,SAFE,None,1.0,0.043661111111111116,0.04035422769438733
360,18.0,18.0,3.0,0.1434,67.0,4.0,109.0,16.0,THREAT,None,1.0,0.11449999999999999,0.07796130261791648
361,0.0,0.0,3.0,0.0,67.0,5.0,1.0,0.0,THREAT,None,1.0,0.11449999999999999,0.07796130261791648
362,1.0,1.0,3.0,0.0163,67.0,5.0,7.0,1.0,THREAT,None,1.0,0.11449999999999999,0.07796130261791648
363,2.0,2.0,3.0,0.0615,67.0,5.0,13.0,2.0,SAFE,None,1.0,0.11449999999999999,0.07796130261791648
364,3.0,3.0,3.0,0.0366,67.0,5.0,19.0,3.0,SAFE,None,1.0,0.11449999999999999,0.07796130261791648
365,4.0,4.0,3.0,0.0743,67.0,5.0,25.0,4.0,SAFE,prior,1.0,0.11449999999999999,0.07796130261791648
366,,,,,,,,,,,,0.11449999999999999,0.07796130261791648
367,6.0,6.0,3.0,0.0102,67.0,5.0,37.0,4.0,SAFE,post,1.0,0.11449999999999999,0.07796130261791648
368,7.0,7.0,3.0,0.032,67.0,5.0,43.0,5.0,THREAT,None,1.0,0.11449999999999999,0.07796130261791648
369,8.0,8.0,3.0,0.0387,67.0,5.0,49.0,6.0,THREAT,None,1.0,0.11449999999999999,0.07796130261791648
370,9.0,9.0,3.0,0.0,67.0,5.0,55.0,7.0,SAFE,None,1.0,0.11449999999999999,0.07796130261791648
371,10.0,10.0,3.0,0.0,67.0,5.0,61.0,8.0,SAFE,None,1.0,0.11449999999999999,0.07796130261791648
372,11.0,11.0,3.0,0.0086,67.0,5.0,67.0,9.0,SAFE,None,1.0,0.11449999999999999,0.07796130261791648
373,12.0,12.0,3.0,0.0687,67.0,5.0,73.0,10.0,THREAT,None,1.0,0.11449999999999999,0.07796130261791648
374,13.0,13.0,3.0,0.0524,67.0,5.0,79.0,11.0,THREAT,None,1.0,0.11449999999999999,0.07796130261791648
375,14.0,14.0,3.0,0.1002,67.0,5.0,85.0,12.0,SAFE,None,1.0,0.11449999999999999,0.07796130261791648
376,15.0,15.0,3.0,0.0626,67.0,5.0,91.0,13.0,THREAT,None,1.0,0.11449999999999999,0.07796130261791648
377,16.0,16.0,3.0,0.0,67.0,5.0,97.0,14.0,THREAT,None,1.0,0.11449999999999999,0.07796130261791648
378,17.0,17.0,3.0,0.0809,67.0,5.0,103.0,15.0,SAFE,None,1.0,0.13622222222222222,0.10681746142536563
379,18.0,18.0,3.0,0.1429,67.0,5.0,109.0,16.0,THREAT,None,1.0,0.13622222222222222,0.10681746142536563
380,0.0,0.0,3.0,0.0,68.0,1.0,1.0,0.0,SAFE,None,1.0,0.13622222222222222,0.10681746142536563
381,1.0,1.0,3.0,0.1368,68.0,1.0,7.0,1.0,THREAT,None,1.0,0.13622222222222222,0.10681746142536563
382,2.0,2.0,3.0,0.1317,68.0,1.0,13.0,2.0,SAFE,None,1.0,0.13622222222222222,0.10681746142536563
383,3.0,3.0,3.0,0.1211,68.0,1.0,19.0,3.0,THREAT,None,1.0,0.13622222222222222,0.10681746142536563
384,4.0,4.0,3.0,0.1012,68.0,1.0,25.0,4.0,THREAT,None,1.0,0.13622222222222222,0.10681746142536563
385,5.0,5.0,3.0,0.0102,68.0,1.0,31.0,5.0,THREAT,None,1.0,0.13622222222222222,0.10681746142536563
386,6.0,6.0,3.0,0.0249,68.0,1.0,37.0,6.0,THREAT,None,1.0,0.13622222222222222,0.10681746142536563
387,7.0,7.0,3.0,0.2274,68.0,1.0,43.0,7.0,SAFE,None,1.0,0.13622222222222222,0.10681746142536563
388,8.0,8.0,3.0,0.268,68.0,1.0,49.0,8.0,SAFE,None,1.0,0.13622222222222222,0.10681746142536563
389,9.0,9.0,3.0,0.0254,68.0,1.0,55.0,9.0,SAFE,None,1.0,0.13622222222222222,0.10681746142536563
390,10.0,10.0,3.0,0.1348,68.0,1.0,61.0,10.0,SAFE,None,1.0,0.13622222222222222,0.10681746142536563
391,11.0,11.0,3.0,0.0987,68.0,1.0,67.0,11.0,SAFE,None,1.0,0.13622222222222222,0.10681746142536563
392,12.0,12.0,3.0,0.2304,68.0,1.0,73.0,12.0,THREAT,None,1.0,0.13622222222222222,0.10681746142536563
393,13.0,13.0,3.0,0.0799,68.0,1.0,79.0,13.0,THREAT,prior,1.0,0.13622222222222222,0.10681746142536563
394,,,,,,,,,,,,0.13622222222222222,0.10681746142536563
395,15.0,15.0,3.0,0.0982,68.0,1.0,91.0,13.0,THREAT,post,1.0,0.13622222222222222,0.10681746142536563
396,16.0,16.0,3.0,0.1963,68.0,1.0,97.0,14.0,SAFE,None,1.0,0.1428333333333333,0.15981647562861892
397,17.0,17.0,3.0,0.0534,68.0,1.0,103.0,15.0,THREAT,None,1.0,0.1428333333333333,0.15981647562861892
398,18.0,18.0,3.0,0.1226,68.0,1.0,109.0,16.0,SAFE,None,1.0,0.1428333333333333,0.15981647562861892
399,0.0,0.0,3.0,0.0361,68.0,2.0,1.0,0.0,SAFE,None,1.0,0.1428333333333333,0.15981647562861892
400,1.0,1.0,3.0,0.0086,68.0,2.0,7.0,1.0,THREAT,None,1.0,0.1428333333333333,0.15981647562861892
401,2.0,2.0,3.0,0.1831,68.0,2.0,13.0,2.0,THREAT,None,1.0,0.1428333333333333,0.15981647562861892
402,3.0,3.0,3.0,0.027999999999999997,68.0,2.0,19.0,3.0,THREAT,None,1.0,0.1428333333333333,0.15981647562861892
403,4.0,4.0,3.0,0.1994,68.0,2.0,25.0,4.0,SAFE,None,1.0,0.1428333333333333,0.15981647562861892
404,5.0,5.0,3.0,0.324,68.0,2.0,31.0,5.0,THREAT,None,1.0,0.1428333333333333,0.15981647562861892
405,6.0,6.0,3.0,0.20800000000000002,68.0,2.0,37.0,6.0,SAFE,None,1.0,0.1428333333333333,0.15981647562861892
406,7.0,7.0,3.0,0.1078,68.0,2.0,43.0,7.0,THREAT,prior,1.0,0.1428333333333333,0.15981647562861892
407,,,,,,,,,,,,0.1428333333333333,0.15981647562861892
408,9.0,9.0,3.0,0.0249,68.0,2.0,55.0,7.0,THREAT,post,1.0,0.1428333333333333,0.15981647562861892
409,10.0,10.0,3.0,0.1434,68.0,2.0,61.0,8.0,SAFE,None,1.0,0.1428333333333333,0.15981647562861892
410,11.0,11.0,3.0,0.0,68.0,2.0,67.0,9.0,SAFE,None,1.0,0.1428333333333333,0.15981647562861892
411,12.0,12.0,3.0,0.0,68.0,2.0,73.0,10.0,SAFE,None,1.0,0.1428333333333333,0.15981647562861892
412,13.0,13.0,3.0,0.1587,68.0,2.0,79.0,11.0,SAFE,None,1.0,0.1428333333333333,0.15981647562861892
413,14.0,14.0,3.0,0.3291,68.0,2.0,85.0,12.0,SAFE,None,1.0,0.1428333333333333,0.15981647562861892
414,15.0,15.0,3.0,0.2574,68.0,2.0,91.0,13.0,THREAT,None,1.0,0.13168333333333335,0.09194750580374332
415,16.0,16.0,3.0,0.09,68.0,2.0,97.0,14.0,THREAT,None,1.0,0.13168333333333335,0.09194750580374332
416,17.0,17.0,3.0,0.1526,68.0,2.0,103.0,15.0,THREAT,None,1.0,0.13168333333333335,0.09194750580374332
417,18.0,18.0,3.0,0.2009,68.0,2.0,109.0,16.0,SAFE,None,1.0,0.13168333333333335,0.09194750580374332
418,0.0,0.0,3.0,0.3525,68.0,3.0,1.0,0.0,SAFE,None,1.0,0.13168333333333335,0.09194750580374332
419,1.0,1.0,3.0,0.1877,68.0,3.0,7.0,1.0,SAFE,None,1.0,0.13168333333333335,0.09194750580374332
420,2.0,2.0,3.0,0.1312,68.0,3.0,13.0,2.0,SAFE,None,1.0,0.13168333333333335,0.09194750580374332
421,3.0,3.0,3.0,0.6297,68.0,3.0,19.0,3.0,SAFE,None,1.0,0.13168333333333335,0.09194750580374332
422,4.0,4.0,3.0,0.2258,68.0,3.0,25.0,4.0,SAFE,None,1.0,0.13168333333333335,0.09194750580374332
423,5.0,5.0,3.0,0.0,68.0,3.0,31.0,5.0,THREAT,None,1.0,0.13168333333333335,0.09194750580374332
424,6.0,6.0,3.0,0.1434,68.0,3.0,37.0,6.0,THREAT,None,1.0,0.13168333333333335,0.09194750580374332
425,7.0,7.0,3.0,0.0783,68.0,3.0,43.0,7.0,THREAT,prior,1.0,0.13168333333333335,0.09194750580374332
426,,,,,,,,,,,,0.13168333333333335,0.09194750580374332
427,9.0,9.0,3.0,0.0473,68.0,3.0,55.0,7.0,THREAT,post,1.0,0.13168333333333335,0.09194750580374332
428,10.0,10.0,3.0,0.028999999999999998,68.0,3.0,61.0,8.0,THREAT,None,1.0,0.13168333333333335,0.09194750580374332
429,11.0,11.0,3.0,0.1317,68.0,3.0,67.0,9.0,THREAT,None,1.0,0.13168333333333335,0.09194750580374332
430,12.0,12.0,3.0,0.0188,68.0,3.0,73.0,10.0,SAFE,None,1.0,0.13168333333333335,0.09194750580374332
431,13.0,13.0,3.0,0.3113,68.0,3.0,79.0,11.0,THREAT,None,1.0,0.13168333333333335,0.09194750580374332
432,14.0,14.0,3.0,0.0748,68.0,3.0,85.0,12.0,SAFE,None,1.0,0.15976666666666664,0.12296108901504045
433,15.0,15.0,3.0,0.0351,68.0,3.0,91.0,13.0,THREAT,None,1.0,0.15976666666666664,0.12296108901504045
434,16.0,16.0,3.0,0.0137,68.0,3.0,97.0,14.0,SAFE,None,1.0,0.15976666666666664,0.12296108901504045
435,17.0,17.0,3.0,0.0,68.0,3.0,103.0,15.0,THREAT,None,1.0,0.15976666666666664,0.12296108901504045
436,18.0,18.0,3.0,0.1607,68.0,3.0,109.0,16.0,SAFE,None,1.0,0.15976666666666664,0.12296108901504045
437,0.0,0.0,3.0,0.0305,68.0,4.0,1.0,0.0,THREAT,None,1.0,0.15976666666666664,0.12296108901504045
438,1.0,1.0,3.0,0.0717,68.0,4.0,7.0,1.0,THREAT,None,1.0,0.15976666666666664,0.12296108901504045
439,2.0,2.0,3.0,0.1267,68.0,4.0,13.0,2.0,SAFE,None,1.0,0.15976666666666664,0.12296108901504045
440,3.0,3.0,3.0,0.0941,68.0,4.0,19.0,3.0,SAFE,None,1.0,0.15976666666666664,0.12296108901504045
441,4.0,4.0,3.0,0.1694,68.0,4.0,25.0,4.0,SAFE,None,1.0,0.15976666666666664,0.12296108901504045
442,5.0,5.0,3.0,0.264,68.0,4.0,31.0,5.0,THREAT,None,1.0,0.15976666666666664,0.12296108901504045
443,6.0,6.0,3.0,0.1205,68.0,4.0,37.0,6.0,THREAT,None,1.0,0.15976666666666664,0.12296108901504045
444,7.0,7.0,3.0,0.2721,68.0,4.0,43.0,7.0,THREAT,prior,1.0,0.15976666666666664,0.12296108901504045
445,,,,,,,,,,,,0.15976666666666664,0.12296108901504045
446,9.0,9.0,3.0,0.2263,68.0,4.0,55.0,7.0,THREAT,post,1.0,0.15976666666666664,0.12296108901504045
447,10.0,10.0,3.0,0.0407,68.0,4.0,61.0,8.0,SAFE,None,1.0,0.15976666666666664,0.12296108901504045
448,11.0,11.0,3.0,0.3011,68.0,4.0,67.0,9.0,SAFE,None,1.0,0.15976666666666664,0.12296108901504045
449,12.0,12.0,3.0,0.1506,68.0,4.0,73.0,10.0,SAFE,None,1.0,0.15976666666666664,0.12296108901504045
450,13.0,13.0,3.0,0.1704,68.0,4.0,79.0,11.0,THREAT,None,1.0,0.13927222222222224,0.12649005450583414
451,14.0,14.0,3.0,0.0,68.0,4.0,85.0,12.0,THREAT,None,1.0,0.13927222222222224,0.12649005450583414
452,15.0,15.0,3.0,0.1734,68.0,4.0,91.0,13.0,SAFE,None,1.0,0.13927222222222224,0.12649005450583414
453,16.0,16.0,3.0,0.0402,68.0,4.0,97.0,14.0,THREAT,None,1.0,0.13927222222222224,0.12649005450583414
454,17.0,17.0,3.0,0.0148,68.0,4.0,103.0,15.0,SAFE,None,1.0,0.13927222222222224,0.12649005450583414
455,18.0,18.0,3.0,0.1038,68.0,4.0,109.0,16.0,THREAT,None,1.0,0.13927222222222224,0.12649005450583414
456,0.0,0.0,3.0,0.0554,68.0,5.0,1.0,0.0,THREAT,None,1.0,0.13927222222222224,0.12649005450583414
457,1.0,1.0,3.0,0.17800000000000002,68.0,5.0,7.0,1.0,THREAT,None,1.0,0.13927222222222224,0.12649005450583414
458,2.0,2.0,3.0,0.3413,68.0,5.0,13.0,2.0,SAFE,None,1.0,0.13927222222222224,0.12649005450583414
459,3.0,3.0,3.0,0.2274,68.0,5.0,19.0,3.0,SAFE,None,1.0,0.13927222222222224,0.12649005450583414
460,4.0,4.0,3.0,0.2304,68.0,5.0,25.0,4.0,SAFE,prior,1.0,0.13927222222222224,0.12649005450583414
461,,,,,,,,,,,,0.13927222222222224,0.12649005450583414
462,6.0,6.0,3.0,0.3601,68.0,5.0,37.0,4.0,SAFE,post,1.0,0.13927222222222224,0.12649005450583414
463,7.0,7.0,3.0,0.4176,68.0,5.0,43.0,5.0,THREAT,None,1.0,0.13927222222222224,0.12649005450583414
464,8.0,8.0,3.0,0.1231,68.0,5.0,49.0,6.0,THREAT,None,1.0,0.13927222222222224,0.12649005450583414
465,9.0,9.0,3.0,0.1785,68.0,5.0,55.0,7.0,SAFE,None,1.0,0.13927222222222224,0.12649005450583414
466,10.0,10.0,3.0,0.2396,68.0,5.0,61.0,8.0,SAFE,None,1.0,0.13927222222222224,0.12649005450583414
467,11.0,11.0,3.0,0.0,68.0,5.0,67.0,9.0,SAFE,None,1.0,0.13927222222222224,0.12649005450583414
468,12.0,12.0,3.0,0.0097,68.0,5.0,73.0,10.0,THREAT,None,1.0,0.04192777777777777,0.06806476851072293
469,13.0,13.0,3.0,0.11599999999999999,68.0,5.0,79.0,11.0,THREAT,None,1.0,0.04192777777777777,0.06806476851072293
470,14.0,14.0,3.0,0.1312,68.0,5.0,85.0,12.0,SAFE,None,1.0,0.04192777777777777,0.06806476851072293
471,15.0,15.0,3.0,0.1027,68.0,5.0,91.0,13.0,THREAT,None,1.0,0.04192777777777777,0.06806476851072293
472,16.0,16.0,3.0,0.0412,68.0,5.0,97.0,14.0,THREAT,None,1.0,0.04192777777777777,0.06806476851072293
473,17.0,17.0,3.0,0.0361,68.0,5.0,103.0,15.0,SAFE,None,1.0,0.04192777777777777,0.06806476851072293
474,18.0,18.0,3.0,0.0875,68.0,5.0,109.0,16.0,THREAT,None,1.0,0.04192777777777777,0.06806476851072293
475,0.0,0.0,3.0,0.174,69.0,1.0,1.0,0.0,SAFE,None,1.0,0.04192777777777777,0.06806476851072293
476,1.0,1.0,3.0,0.2151,69.0,1.0,7.0,1.0,THREAT,None,1.0,0.04192777777777777,0.06806476851072293
477,2.0,2.0,3.0,0.1144,69.0,1.0,13.0,2.0,SAFE,None,1.0,0.04192777777777777,0.06806476851072293
478,3.0,3.0,3.0,0.1551,69.0,1.0,19.0,3.0,THREAT,None,1.0,0.04192777777777777,0.06806476851072293
479,4.0,4.0,3.0,0.0748,69.0,1.0,25.0,4.0,THREAT,None,1.0,0.04192777777777777,0.06806476851072293
480,5.0,5.0,3.0,0.0,69.0,1.0,31.0,5.0,THREAT,None,1.0,0.04192777777777777,0.06806476851072293
481,6.0,6.0,3.0,0.3077,69.0,1.0,37.0,6.0,THREAT,None,1.0,0.04192777777777777,0.06806476851072293
482,7.0,7.0,3.0,0.4659,69.0,1.0,43.0,7.0,SAFE,None,1.0,0.04192777777777777,0.06806476851072293
483,8.0,8.0,3.0,0.2441,69.0,1.0,49.0,8.0,SAFE,None,1.0,0.04192777777777777,0.06806476851072293
484,9.0,9.0,3.0,0.0,69.0,1.0,55.0,9.0,SAFE,None,1.0,0.04192777777777777,0.06806476851072293
485,10.0,10.0,3.0,0.0183,69.0,1.0,61.0,10.0,SAFE,None,1.0,0.04192777777777777,0.06806476851072293
486,11.0,11.0,3.0,0.0763,69.0,1.0,67.0,11.0,SAFE,None,1.0,0.048411111111111106,0.07718976531432808
487,12.0,12.0,3.0,0.0036,69.0,1.0,73.0,12.0,THREAT,None,1.0,0.048411111111111106,0.07718976531432808
488,13.0,13.0,3.0,0.2146,69.0,1.0,79.0,13.0,THREAT,prior,1.0,0.048411111111111106,0.07718976531432808
489,,,,,,,,,,,,0.048411111111111106,0.07718976531432808
490,15.0,15.0,3.0,0.0102,69.0,1.0,91.0,13.0,THREAT,post,1.0,0.048411111111111106,0.07718976531432808
491,16.0,16.0,3.0,0.1027,69.0,1.0,97.0,14.0,SAFE,None,1.0,0.048411111111111106,0.07718976531432808
492,17.0,17.0,3.0,0.0839,69.0,1.0,103.0,15.0,THREAT,None,1.0,0.048411111111111106,0.07718976531432808
493,18.0,18.0,3.0,0.2462,69.0,1.0,109.0,16.0,SAFE,None,1.0,0.048411111111111106,0.07718976531432808
494,0.0,0.0,3.0,0.0,69.0,2.0,1.0,0.0,SAFE,None,1.0,0.048411111111111106,0.07718976531432808
495,1.0,1.0,3.0,0.1155,69.0,2.0,7.0,1.0,THREAT,None,1.0,0.048411111111111106,0.07718976531432808
496,2.0,2.0,3.0,0.0554,69.0,2.0,13.0,2.0,THREAT,None,1.0,0.048411111111111106,0.07718976531432808
497,3.0,3.0,3.0,0.1556,69.0,2.0,19.0,3.0,THREAT,None,1.0,0.048411111111111106,0.07718976531432808
498,4.0,4.0,3.0,0.2482,69.0,2.0,25.0,4.0,SAFE,None,1.0,0.048411111111111106,0.07718976531432808
499,5.0,5.0,3.0,0.0051,69.0,2.0,31.0,5.0,THREAT,None,1.0,0.048411111111111106,0.07718976531432808
500,6.0,6.0,3.0,0.0,69.0,2.0,37.0,6.0,SAFE,None,1.0,0.048411111111111106,0.07718976531432808
501,7.0,7.0,3.0,0.0,69.0,2.0,43.0,7.0,THREAT,prior,1.0,0.048411111111111106,0.07718976531432808
502,,,,,,,,,,,,0.048411111111111106,0.07718976531432808
503,9.0,9.0,3.0,0.0264,69.0,2.0,55.0,7.0,THREAT,post,1.0,0.048411111111111106,0.07718976531432808
504,10.0,10.0,3.0,0.0,69.0,2.0,61.0,8.0,SAFE,None,1.0,0.05518888888888889,0.08476276158569863
505,11.0,11.0,3.0,0.0519,69.0,2.0,67.0,9.0,SAFE,None,1.0,0.05518888888888889,0.08476276158569863
506,12.0,12.0,3.0,0.0,69.0,2.0,73.0,10.0,SAFE,None,1.0,0.05518888888888889,0.08476276158569863
507,13.0,13.0,3.0,0.0051,69.0,2.0,79.0,11.0,SAFE,None,1.0,0.05518888888888889,0.08476276158569863
508,14.0,14.0,3.0,0.0,69.0,2.0,85.0,12.0,SAFE,None,1.0,0.05518888888888889,0.08476276158569863
509,15.0,15.0,3.0,0.0661,69.0,2.0,91.0,13.0,THREAT,None,1.0,0.05518888888888889,0.08476276158569863
510,16.0,16.0,3.0,0.0173,69.0,2.0,97.0,14.0,THREAT,None,1.0,0.05518888888888889,0.08476276158569863
511,17.0,17.0,3.0,0.0,69.0,2.0,103.0,15.0,THREAT,None,1.0,0.05518888888888889,0.08476276158569863
512,18.0,18.0,3.0,0.0081,69.0,2.0,109.0,16.0,SAFE,None,1.0,0.05518888888888889,0.08476276158569863
513,0.0,0.0,3.0,0.1261,69.0,3.0,1.0,0.0,SAFE,None,1.0,0.05518888888888889,0.08476276158569863
514,1.0,1.0,3.0,0.055999999999999994,69.0,3.0,7.0,1.0,SAFE,None,1.0,0.05518888888888889,0.08476276158569863
515,2.0,2.0,3.0,0.0,69.0,3.0,13.0,2.0,SAFE,None,1.0,0.05518888888888889,0.08476276158569863
516,3.0,3.0,3.0,0.1297,69.0,3.0,19.0,3.0,SAFE,None,1.0,0.05518888888888889,0.08476276158569863
517,4.0,4.0,3.0,0.0046,69.0,3.0,25.0,4.0,SAFE,None,1.0,0.05518888888888889,0.08476276158569863
518,5.0,5.0,3.0,0.0,69.0,3.0,31.0,5.0,THREAT,None,1.0,0.05518888888888889,0.08476276158569863
519,6.0,6.0,3.0,0.028999999999999998,69.0,3.0,37.0,6.0,THREAT,None,1.0,0.05518888888888889,0.08476276158569863
520,7.0,7.0,3.0,0.0,69.0,3.0,43.0,7.0,THREAT,prior,1.0,0.05518888888888889,0.08476276158569863
521,,,,,,,,,,,,0.05518888888888889,0.08476276158569863
522,9.0,9.0,3.0,0.0,69.0,3.0,55.0,7.0,THREAT,post,1.0,0.07567777777777777,0.11732695169811257
523,10.0,10.0,3.0,0.0,69.0,3.0,61.0,8.0,THREAT,None,1.0,0.07567777777777777,0.11732695169811257
524,11.0,11.0,3.0,0.0,69.0,3.0,67.0,9.0,THREAT,None,1.0,0.07567777777777777,0.11732695169811257
525,12.0,12.0,3.0,0.0076,69.0,3.0,73.0,10.0,SAFE,None,1.0,0.07567777777777777,0.11732695169811257
526,13.0,13.0,3.0,0.0061,69.0,3.0,79.0,11.0,THREAT,None,1.0,0.07567777777777777,0.11732695169811257
527,14.0,14.0,3.0,0.0046,69.0,3.0,85.0,12.0,SAFE,None,1.0,0.07567777777777777,0.11732695169811257
528,15.0,15.0,3.0,0.2767,69.0,3.0,91.0,13.0,THREAT,None,1.0,0.07567777777777777,0.11732695169811257
529,16.0,16.0,3.0,0.0,69.0,3.0,97.0,14.0,SAFE,None,1.0,0.07567777777777777,0.11732695169811257
530,17.0,17.0,3.0,0.1567,69.0,3.0,103.0,15.0,THREAT,None,1.0,0.07567777777777777,0.11732695169811257
531,18.0,18.0,3.0,0.0743,69.0,3.0,109.0,16.0,SAFE,None,1.0,0.07567777777777777,0.11732695169811257
532,0.0,0.0,3.0,0.0,69.0,4.0,1.0,0.0,THREAT,None,1.0,0.07567777777777777,0.11732695169811257
533,1.0,1.0,3.0,0.0046,69.0,4.0,7.0,1.0,THREAT,None,1.0,0.07567777777777777,0.11732695169811257
534,2.0,2.0,3.0,0.0,69.0,4.0,13.0,2.0,SAFE,None,1.0,0.07567777777777777,0.11732695169811257
535,3.0,3.0,3.0,0.0,69.0,4.0,19.0,3.0,SAFE,None,1.0,0.07567777777777777,0.11732695169811257
536,4.0,4.0,3.0,0.0,69.0,4.0,25.0,4.0,SAFE,None,1.0,0.07567777777777777,0.11732695169811257
537,5.0,5.0,3.0,0.027000000000000003,69.0,4.0,31.0,5.0,THREAT,None,1.0,0.07567777777777777,0.11732695169811257
538,6.0,6.0,3.0,0.0,69.0,4.0,37.0,6.0,THREAT,None,1.0,0.07567777777777777,0.11732695169811257
539,7.0,7.0,3.0,0.0646,69.0,4.0,43.0,7.0,THREAT,prior,1.0,0.07567777777777777,0.11732695169811257
540,,,,,,,,,,,,0.0,0.0
541,9.0,9.0,3.0,0.0,69.0,4.0,55.0,7.0,THREAT,post,1.0,0.0,0.0
542,10.0,10.0,3.0,0.1653,69.0,4.0,61.0,8.0,SAFE,None,1.0,0.0,0.0
543,11.0,11.0,3.0,0.03,69.0,4.0,67.0,9.0,SAFE,None,1.0,0.0,0.0
544,12.0,12.0,3.0,0.1409,69.0,4.0,73.0,10.0,SAFE,None,1.0,0.0,0.0
545,13.0,13.0,3.0,0.0819,69.0,4.0,79.0,11.0,THREAT,None,1.0,0.0,0.0
546,14.0,14.0,3.0,0.0071,69.0,4.0,85.0,12.0,THREAT,None,1.0,0.0,0.0
547,15.0,15.0,3.0,0.1536,69.0,4.0,91.0,13.0,SAFE,None,1.0,0.0,0.0
548,16.0,16.0,3.0,0.0,69.0,4.0,97.0,14.0,THREAT,None,1.0,0.0,0.0
549,17.0,17.0,3.0,0.0127,69.0,4.0,103.0,15.0,SAFE,None,1.0,0.0,0.0
550,18.0,18.0,3.0,0.3057,69.0,4.0,109.0,16.0,THREAT,None,1.0,0.0,0.0
551,0.0,0.0,3.0,0.0392,69.0,5.0,1.0,0.0,THREAT,None,1.0,0.0,0.0
552,1.0,1.0,3.0,0.0,69.0,5.0,7.0,1.0,THREAT,None,1.0,0.0,0.0
553,2.0,2.0,3.0,0.0473,69.0,5.0,13.0,2.0,SAFE,None,1.0,0.0,0.0
554,3.0,3.0,3.0,0.0214,69.0,5.0,19.0,3.0,SAFE,None,1.0,0.0,0.0
555,4.0,4.0,3.0,0.3565,69.0,5.0,25.0,4.0,SAFE,prior,1.0,0.0,0.0
556,,,,,,,,,,,,0.0,0.0
557,6.0,6.0,3.0,0.2314,69.0,5.0,37.0,4.0,SAFE,post,1.0,0.0,0.0
558,7.0,7.0,3.0,0.0,69.0,5.0,43.0,5.0,THREAT,None,1.0,0.0005111111111111111,0.0021684607956387455
559,8.0,8.0,3.0,0.2803,69.0,5.0,49.0,6.0,THREAT,None,1.0,0.0005111111111111111,0.0021684607956387455
560,9.0,9.0,3.0,0.0,69.0,5.0,55.0,7.0,SAFE,None,1.0,0.0005111111111111111,0.0021684607956387455
561,10.0,10.0,3.0,0.0132,69.0,5.0,61.0,8.0,SAFE,None,1.0,0.0005111111111111111,0.0021684607956387455
562,11.0,11.0,3.0,0.0,69.0,5.0,67.0,9.0,SAFE,None,1.0,0.0005111111111111111,0.0021684607956387455
563,12.0,12.0,3.0,0.0,69.0,5.0,73.0,10.0,THREAT,None,1.0,0.0005111111111111111,0.0021684607956387455
564,13.0,13.0,3.0,0.0056,69.0,5.0,79.0,11.0,THREAT,None,1.0,0.0005111111111111111,0.0021684607956387455
565,14.0,14.0,3.0,0.0122,69.0,5.0,85.0,12.0,SAFE,None,1.0,0.0005111111111111111,0.0021684607956387455
566,15.0,15.0,3.0,0.0041,69.0,5.0,91.0,13.0,THREAT,None,1.0,0.0005111111111111111,0.0021684607956387455
567,16.0,16.0,3.0,0.2609,69.0,5.0,97.0,14.0,THREAT,None,1.0,0.0005111111111111111,0.0021684607956387455
568,17.0,17.0,3.0,0.0209,69.0,5.0,103.0,15.0,SAFE,None,1.0,0.0005111111111111111,0.0021684607956387455
569,18.0,18.0,3.0,0.0692,69.0,5.0,109.0,16.0,THREAT,None,1.0,0.0005111111111111111,0.0021684607956387455
570,0.0,0.0,3.0,0.0,70.0,1.0,1.0,0.0,SAFE,None,1.0,0.0005111111111111111,0.0021684607956387455
571,1.0,1.0,3.0,0.0,70.0,1.0,7.0,1.0,THREAT,None,1.0,0.0005111111111111111,0.0021684607956387455
572,2.0,2.0,3.0,0.0,70.0,1.0,13.0,2.0,SAFE,None,1.0,0.0005111111111111111,0.0021684607956387455
573,3.0,3.0,3.0,0.0,70.0,1.0,19.0,3.0,THREAT,None,1.0,0.0005111111111111111,0.0021684607956387455
574,4.0,4.0,3.0,0.0,70.0,1.0,25.0,4.0,THREAT,None,1.0,0.0005111111111111111,0.0021684607956387455
575,5.0,5.0,3.0,0.0,70.0,1.0,31.0,5.0,THREAT,None,1.0,0.0005111111111111111,0.0021684607956387455
576,6.0,6.0,3.0,0.0,70.0,1.0,37.0,6.0,THREAT,None,1.0,0.00039444444444444444,0.0016734860488081627
577,7.0,7.0,3.0,0.0,70.0,1.0,43.0,7.0,SAFE,None,1.0,0.00039444444444444444,0.0016734860488081627
578,8.0,8.0,3.0,0.0,70.0,1.0,49.0,8.0,SAFE,None,1.0,0.00039444444444444444,0.0016734860488081627
579,9.0,9.0,3.0,0.0,70.0,1.0,55.0,9.0,SAFE,None,1.0,0.00039444444444444444,0.0016734860488081627
580,10.0,10.0,3.0,0.0,70.0,1.0,61.0,10.0,SAFE,None,1.0,0.00039444444444444444,0.0016734860488081627
581,11.0,11.0,3.0,0.0,70.0,1.0,67.0,11.0,SAFE,None,1.0,0.00039444444444444444,0.0016734860488081627
582,12.0,12.0,3.0,0.0,70.0,1.0,73.0,12.0,THREAT,None,1.0,0.00039444444444444444,0.0016734860488081627
583,13.0,13.0,3.0,0.0,70.0,1.0,79.0,13.0,THREAT,prior,1.0,0.00039444444444444444,0.0016734860488081627
584,,,,,,,,,,,,0.00039444444444444444,0.0016734860488081627
585,15.0,15.0,3.0,0.0,70.0,1.0,91.0,13.0,THREAT,post,1.0,0.00039444444444444444,0.0016734860488081627
586,16.0,16.0,3.0,0.0,70.0,1.0,97.0,14.0,SAFE,None,1.0,0.00039444444444444444,0.0016734860488081627
587,17.0,17.0,3.0,0.0,70.0,1.0,103.0,15.0,THREAT,None,1.0,0.00039444444444444444,0.0016734860488081627
588,18.0,18.0,3.0,0.0,70.0,1.0,109.0,16.0,SAFE,None,1.0,0.00039444444444444444,0.0016734860488081627
589,0.0,0.0,3.0,0.0,70.0,2.0,1.0,0.0,SAFE,None,1.0,0.00039444444444444444,0.0016734860488081627
590,1.0,1.0,3.0,0.0,70.0,2.0,7.0,1.0,THREAT,None,1.0,0.00039444444444444444,0.0016734860488081627
591,2.0,2.0,3.0,0.0,70.0,2.0,13.0,2.0,THREAT,None,1.0,0.00039444444444444444,0.0016734860488081627
592,3.0,3.0,3.0,0.0,70.0,2.0,19.0,3.0,THREAT,None,1.0,0.00039444444444444444,0.0016734860488081627
593,4.0,4.0,3.0,0.0,70.0,2.0,25.0,4.0,SAFE,None,1.0,0.00039444444444444444,0.0016734860488081627
594,5.0,5.0,3.0,0.0,70.0,2.0,31.0,5.0,THREAT,None,1.0,0.0,0.0
595,6.0,6.0,3.0,0.0,70.0,2.0,37.0,6.0,SAFE,None,1.0,0.0,0.0
596,7.0,7.0,3.0,0.0,70.0,2.0,43.0,7.0,THREAT,prior,1.0,0.0,0.0
597,,,,,,,,,,,,0.0,0.0
598,9.0,9.0,3.0,0.0,70.0,2.0,55.0,7.0,THREAT,post,1.0,0.0,0.0
599,10.0,10.0,3.0,0.0,70.0,2.0,61.0,8.0,SAFE,None,1.0,0.0,0.0
600,11.0,11.0,3.0,0.0,70.0,2.0,67.0,9.0,SAFE,None,1.0,0.0,0.0
601,12.0,12.0,3.0,0.0,70.0,2.0,73.0,10.0,SAFE,None,1.0,0.0,0.0
602,13.0,13.0,3.0,0.0,70.0,2.0,79.0,11.0,SAFE,None,1.0,0.0,0.0
603,14.0,14.0,3.0,0.0,70.0,2.0,85.0,12.0,SAFE,None,1.0,0.0,0.0
604,15.0,15.0,3.0,0.0,70.0,2.0,91.0,13.0,THREAT,None,1.0,0.0,0.0
605,16.0,16.0,3.0,0.0,70.0,2.0,97.0,14.0,THREAT,None,1.0,0.0,0.0
606,17.0,17.0,3.0,0.0,70.0,2.0,103.0,15.0,THREAT,None,1.0,0.0,0.0
607,18.0,18.0,3.0,0.0092,70.0,2.0,109.0,16.0,SAFE,None,1.0,0.0,0.0
608,0.0,0.0,3.0,0.0,70.0,3.0,1.0,0.0,SAFE,None,1.0,0.0,0.0
609,1.0,1.0,3.0,0.0,70.0,3.0,7.0,1.0,SAFE,None,1.0,0.0,0.0
610,2.0,2.0,3.0,0.0,70.0,3.0,13.0,2.0,SAFE,None,1.0,0.0,0.0
611,3.0,3.0,3.0,0.0,70.0,3.0,19.0,3.0,SAFE,None,1.0,0.0,0.0
612,4.0,4.0,3.0,0.0,70.0,3.0,25.0,4.0,SAFE,None,1.0,0.0,0.0
613,5.0,5.0,3.0,0.0,70.0,3.0,31.0,5.0,THREAT,None,1.0,0.0,0.0
614,6.0,6.0,3.0,0.0,70.0,3.0,37.0,6.0,THREAT,None,1.0,0.0,0.0
615,7.0,7.0,3.0,0.0,70.0,3.0,43.0,7.0,THREAT,prior,1.0,0.0,0.0
616,,,,,,,,,,,,0.0,0.0
617,9.0,9.0,3.0,0.0,70.0,3.0,55.0,7.0,THREAT,post,1.0,0.0,0.0
618,10.0,10.0,3.0,0.0,70.0,3.0,61.0,8.0,THREAT,None,1.0,0.0,0.0
619,11.0,11.0,3.0,0.0,70.0,3.0,67.0,9.0,THREAT,None,1.0,0.0,0.0
620,12.0,12.0,3.0,0.0,70.0,3.0,73.0,10.0,SAFE,None,1.0,0.0,0.0
621,13.0,13.0,3.0,0.0,70.0,3.0,79.0,11.0,THREAT,None,1.0,0.0,0.0
622,14.0,14.0,3.0,0.0071,70.0,3.0,85.0,12.0,SAFE,None,1.0,0.0,0.0
623,15.0,15.0,3.0,0.0,70.0,3.0,91.0,13.0,THREAT,None,1.0,0.0,0.0
624,16.0,16.0,3.0,0.0,70.0,3.0,97.0,14.0,SAFE,None,1.0,0.0,0.0
625,17.0,17.0,3.0,0.0,70.0,3.0,103.0,15.0,THREAT,None,1.0,0.0,0.0
626,18.0,18.0,3.0,0.0,70.0,3.0,109.0,16.0,SAFE,None,1.0,0.0,0.0
627,0.0,0.0,3.0,0.0,70.0,4.0,1.0,0.0,THREAT,None,1.0,0.0,0.0
628,1.0,1.0,3.0,0.0,70.0,4.0,7.0,1.0,THREAT,None,1.0,0.0,0.0
629,2.0,2.0,3.0,0.0,70.0,4.0,13.0,2.0,SAFE,None,1.0,0.0,0.0
630,3.0,3.0,3.0,0.0,70.0,4.0,19.0,3.0,SAFE,None,1.0,0.024438888888888885,0.03782940249079356
631,4.0,4.0,3.0,0.0,70.0,4.0,25.0,4.0,SAFE,None,1.0,0.024438888888888885,0.03782940249079356
632,5.0,5.0,3.0,0.0,70.0,4.0,31.0,5.0,THREAT,None,1.0,0.024438888888888885,0.03782940249079356
633,6.0,6.0,3.0,0.0,70.0,4.0,37.0,6.0,THREAT,None,1.0,0.024438888888888885,0.03782940249079356
634,7.0,7.0,3.0,0.0,70.0,4.0,43.0,7.0,THREAT,prior,1.0,0.024438888888888885,0.03782940249079356
635,,,,,,,,,,,,0.024438888888888885,0.03782940249079356
636,9.0,9.0,3.0,0.0,70.0,4.0,55.0,7.0,THREAT,post,1.0,0.024438888888888885,0.03782940249079356
637,10.0,10.0,3.0,0.0,70.0,4.0,61.0,8.0,SAFE,None,1.0,0.024438888888888885,0.03782940249079356
638,11.0,11.0,3.0,0.0,70.0,4.0,67.0,9.0,SAFE,None,1.0,0.024438888888888885,0.03782940249079356
639,12.0,12.0,3.0,0.0,70.0,4.0,73.0,10.0,SAFE,None,1.0,0.024438888888888885,0.03782940249079356
640,13.0,13.0,3.0,0.0,70.0,4.0,79.0,11.0,THREAT,None,1.0,0.024438888888888885,0.03782940249079356
641,14.0,14.0,3.0,0.0,70.0,4.0,85.0,12.0,THREAT,None,1.0,0.024438888888888885,0.03782940249079356
642,15.0,15.0,3.0,0.0,70.0,4.0,91.0,13.0,SAFE,None,1.0,0.024438888888888885,0.03782940249079356
643,16.0,16.0,3.0,0.0,70.0,4.0,97.0,14.0,THREAT,None,1.0,0.024438888888888885,0.03782940249079356
644,17.0,17.0,3.0,0.0,70.0,4.0,103.0,15.0,SAFE,None,1.0,0.024438888888888885,0.03782940249079356
645,18.0,18.0,3.0,0.0,70.0,4.0,109.0,16.0,THREAT,None,1.0,0.024438888888888885,0.03782940249079356
646,0.0,0.0,3.0,0.0,70.0,5.0,1.0,0.0,THREAT,None,1.0,0.024438888888888885,0.03782940249079356
647,1.0,1.0,3.0,0.0,70.0,5.0,7.0,1.0,THREAT,None,1.0,0.024438888888888885,0.03782940249079356
648,2.0,2.0,3.0,0.0,70.0,5.0,13.0,2.0,SAFE,None,1.0,0.01163888888888889,0.021952144177435788
649,3.0,3.0,3.0,0.0,70.0,5.0,19.0,3.0,SAFE,None,1.0,0.01163888888888889,0.021952144177435788
650,4.0,4.0,3.0,0.0,70.0,5.0,25.0,4.0,SAFE,prior,1.0,0.01163888888888889,0.021952144177435788
651,,,,,,,,,,,,0.01163888888888889,0.021952144177435788
652,6.0,6.0,3.0,0.0,70.0,5.0,37.0,4.0,SAFE,post,1.0,0.01163888888888889,0.021952144177435788
653,7.0,7.0,3.0,0.0,70.0,5.0,43.0,5.0,THREAT,None,1.0,0.01163888888888889,0.021952144177435788
654,8.0,8.0,3.0,0.0,70.0,5.0,49.0,6.0,THREAT,None,1.0,0.01163888888888889,0.021952144177435788
655,9.0,9.0,3.0,0.0,70.0,5.0,55.0,7.0,SAFE,None,1.0,0.01163888888888889,0.021952144177435788
656,10.0,10.0,3.0,0.0,70.0,5.0,61.0,8.0,SAFE,None,1.0,0.01163888888888889,0.021952144177435788
657,11.0,11.0,3.0,0.0,70.0,5.0,67.0,9.0,SAFE,None,1.0,0.01163888888888889,0.021952144177435788
658,12.0,12.0,3.0,0.0,70.0,5.0,73.0,10.0,THREAT,None,1.0,0.01163888888888889,0.021952144177435788
659,13.0,13.0,3.0,0.0,70.0,5.0,79.0,11.0,THREAT,None,1.0,0.01163888888888889,0.021952144177435788
660,14.0,14.0,3.0,0.0,70.0,5.0,85.0,12.0,SAFE,None,1.0,0.01163888888888889,0.021952144177435788
661,15.0,15.0,3.0,0.0,70.0,5.0,91.0,13.0,THREAT,None,1.0,0.01163888888888889,0.021952144177435788
662,16.0,16.0,3.0,0.0,70.0,5.0,97.0,14.0,THREAT,None,1.0,0.01163888888888889,0.021952144177435788
663,17.0,17.0,3.0,0.0,70.0,5.0,103.0,15.0,SAFE,None,1.0,0.01163888888888889,0.021952144177435788
664,18.0,18.0,3.0,0.0,70.0,5.0,109.0,16.0,THREAT,None,1.0,0.01163888888888889,0.021952144177435788
665,0.0,0.0,3.0,0.0,71.0,1.0,1.0,0.0,SAFE,None,1.0,0.01163888888888889,0.021952144177435788
666,1.0,1.0,3.0,0.0,71.0,1.0,7.0,1.0,THREAT,None,1.0,0.02617222222222222,0.04356217740946376
667,2.0,2.0,3.0,0.0081,71.0,1.0,13.0,2.0,SAFE,None,1.0,0.02617222222222222,0.04356217740946376
668,3.0,3.0,3.0,0.0,71.0,1.0,19.0,3.0,THREAT,None,1.0,0.02617222222222222,0.04356217740946376
669,4.0,4.0,3.0,0.0717,71.0,1.0,25.0,4.0,THREAT,None,1.0,0.02617222222222222,0.04356217740946376
670,5.0,5.0,3.0,0.0671,71.0,1.0,31.0,5.0,THREAT,None,1.0,0.02617222222222222,0.04356217740946376
671,6.0,6.0,3.0,0.0,71.0,1.0,37.0,6.0,THREAT,None,1.0,0.02617222222222222,0.04356217740946376
672,7.0,7.0,3.0,0.0,71.0,1.0,43.0,7.0,SAFE,None,1.0,0.02617222222222222,0.04356217740946376
673,8.0,8.0,3.0,0.0,71.0,1.0,49.0,8.0,SAFE,None,1.0,0.02617222222222222,0.04356217740946376
674,9.0,9.0,3.0,0.0,71.0,1.0,55.0,9.0,SAFE,None,1.0,0.02617222222222222,0.04356217740946376
675,10.0,10.0,3.0,0.0763,71.0,1.0,61.0,10.0,SAFE,None,1.0,0.02617222222222222,0.04356217740946376
676,11.0,11.0,3.0,0.0056,71.0,1.0,67.0,11.0,SAFE,None,1.0,0.02617222222222222,0.04356217740946376
677,12.0,12.0,3.0,0.0315,71.0,1.0,73.0,12.0,THREAT,None,1.0,0.02617222222222222,0.04356217740946376
678,13.0,13.0,3.0,0.1282,71.0,1.0,79.0,13.0,THREAT,prior,1.0,0.02617222222222222,0.04356217740946376
679,,,,,,,,,,,,0.02617222222222222,0.04356217740946376
680,15.0,15.0,3.0,0.0061,71.0,1.0,91.0,13.0,THREAT,post,1.0,0.02617222222222222,0.04356217740946376
681,16.0,16.0,3.0,0.0,71.0,1.0,97.0,14.0,SAFE,None,1.0,0.02617222222222222,0.04356217740946376
682,17.0,17.0,3.0,0.0,71.0,1.0,103.0,15.0,THREAT,None,1.0,0.02617222222222222,0.04356217740946376
683,18.0,18.0,3.0,0.0453,71.0,1.0,109.0,16.0,SAFE,None,1.0,0.02617222222222222,0.04356217740946376
684,0.0,0.0,3.0,0.0,71.0,2.0,1.0,0.0,SAFE,None,1.0,0.04502222222222222,0.08538336079502608
685,1.0,1.0,3.0,0.0,71.0,2.0,7.0,1.0,THREAT,None,1.0,0.04502222222222222,0.08538336079502608
686,2.0,2.0,3.0,0.0056,71.0,2.0,13.0,2.0,THREAT,None,1.0,0.04502222222222222,0.08538336079502608
687,3.0,3.0,3.0,0.0178,71.0,2.0,19.0,3.0,THREAT,None,1.0,0.04502222222222222,0.08538336079502608
688,4.0,4.0,3.0,0.0127,71.0,2.0,25.0,4.0,SAFE,None,1.0,0.04502222222222222,0.08538336079502608
689,5.0,5.0,3.0,0.0,71.0,2.0,31.0,5.0,THREAT,None,1.0,0.04502222222222222,0.08538336079502608
690,6.0,6.0,3.0,0.0,71.0,2.0,37.0,6.0,SAFE,None,1.0,0.04502222222222222,0.08538336079502608
691,7.0,7.0,3.0,0.0,71.0,2.0,43.0,7.0,THREAT,prior,1.0,0.04502222222222222,0.08538336079502608
692,,,,,,,,,,,,0.04502222222222222,0.08538336079502608
693,9.0,9.0,3.0,0.0,71.0,2.0,55.0,7.0,THREAT,post,1.0,0.04502222222222222,0.08538336079502608
694,10.0,10.0,3.0,0.0432,71.0,2.0,61.0,8.0,SAFE,None,1.0,0.04502222222222222,0.08538336079502608
695,11.0,11.0,3.0,0.0137,71.0,2.0,67.0,9.0,SAFE,None,1.0,0.04502222222222222,0.08538336079502608
696,12.0,12.0,3.0,0.0,71.0,2.0,73.0,10.0,SAFE,None,1.0,0.04502222222222222,0.08538336079502608
697,13.0,13.0,3.0,0.0051,71.0,2.0,79.0,11.0,SAFE,None,1.0,0.04502222222222222,0.08538336079502608
698,14.0,14.0,3.0,0.0,71.0,2.0,85.0,12.0,SAFE,None,1.0,0.04502222222222222,0.08538336079502608
699,15.0,15.0,3.0,0.0,71.0,2.0,91.0,13.0,THREAT,None,1.0,0.04502222222222222,0.08538336079502608
700,16.0,16.0,3.0,0.086,71.0,2.0,97.0,14.0,THREAT,None,1.0,0.04502222222222222,0.08538336079502608
701,17.0,17.0,3.0,0.0254,71.0,2.0,103.0,15.0,THREAT,None,1.0,0.04502222222222222,0.08538336079502608
702,18.0,18.0,3.0,0.0,71.0,2.0,109.0,16.0,SAFE,None,1.0,0.03456111111111112,0.07800749691640797
703,0.0,0.0,3.0,0.0,71.0,3.0,1.0,0.0,SAFE,None,1.0,0.03456111111111112,0.07800749691640797
704,1.0,1.0,3.0,0.0163,71.0,3.0,7.0,1.0,SAFE,None,1.0,0.03456111111111112,0.07800749691640797
705,2.0,2.0,3.0,0.0061,71.0,3.0,13.0,2.0,SAFE,None,1.0,0.03456111111111112,0.07800749691640797
706,3.0,3.0,3.0,0.0,71.0,3.0,19.0,3.0,SAFE,None,1.0,0.03456111111111112,0.07800749691640797
707,4.0,4.0,3.0,0.0,71.0,3.0,25.0,4.0,SAFE,None,1.0,0.03456111111111112,0.07800749691640797
708,5.0,5.0,3.0,0.1409,71.0,3.0,31.0,5.0,THREAT,None,1.0,0.03456111111111112,0.07800749691640797
709,6.0,6.0,3.0,0.0,71.0,3.0,37.0,6.0,THREAT,None,1.0,0.03456111111111112,0.07800749691640797
710,7.0,7.0,3.0,0.0061,71.0,3.0,43.0,7.0,THREAT,prior,1.0,0.03456111111111112,0.07800749691640797
711,,,,,,,,,,,,0.03456111111111112,0.07800749691640797
712,9.0,9.0,3.0,0.0163,71.0,3.0,55.0,7.0,THREAT,post,1.0,0.03456111111111112,0.07800749691640797
713,10.0,10.0,3.0,0.0209,71.0,3.0,61.0,8.0,THREAT,None,1.0,0.03456111111111112,0.07800749691640797
714,11.0,11.0,3.0,0.0,71.0,3.0,67.0,9.0,THREAT,None,1.0,0.03456111111111112,0.07800749691640797
715,12.0,12.0,3.0,0.0987,71.0,3.0,73.0,10.0,SAFE,None,1.0,0.03456111111111112,0.07800749691640797
716,13.0,13.0,3.0,0.0,71.0,3.0,79.0,11.0,THREAT,None,1.0,0.03456111111111112,0.07800749691640797
717,14.0,14.0,3.0,0.0727,71.0,3.0,85.0,12.0,SAFE,None,1.0,0.03456111111111112,0.07800749691640797
718,15.0,15.0,3.0,0.0,71.0,3.0,91.0,13.0,THREAT,None,1.0,0.03456111111111112,0.07800749691640797
719,16.0,16.0,3.0,0.0,71.0,3.0,97.0,14.0,SAFE,None,1.0,0.03456111111111112,0.07800749691640797
720,17.0,17.0,3.0,0.0,71.0,3.0,103.0,15.0,THREAT,None,1.0,0.11701666666666667,0.07187090755612577
721,18.0,18.0,3.0,0.0931,71.0,3.0,109.0,16.0,SAFE,None,1.0,0.11701666666666667,0.07187090755612577
722,0.0,0.0,3.0,0.0,71.0,4.0,1.0,0.0,THREAT,None,1.0,0.11701666666666667,0.07187090755612577
723,1.0,1.0,3.0,0.0,71.0,4.0,7.0,1.0,THREAT,None,1.0,0.11701666666666667,0.07187090755612577
724,2.0,2.0,3.0,0.0117,71.0,4.0,13.0,2.0,SAFE,None,1.0,0.11701666666666667,0.07187090755612577
725,3.0,3.0,3.0,0.0,71.0,4.0,19.0,3.0,SAFE,None,1.0,0.11701666666666667,0.07187090755612577
726,4.0,4.0,3.0,0.0071,71.0,4.0,25.0,4.0,SAFE,None,1.0,0.11701666666666667,0.07187090755612577
727,5.0,5.0,3.0,0.2014,71.0,4.0,31.0,5.0,THREAT,None,1.0,0.11701666666666667,0.07187090755612577
728,6.0,6.0,3.0,0.0748,71.0,4.0,37.0,6.0,THREAT,None,1.0,0.11701666666666667,0.07187090755612577
729,7.0,7.0,3.0,0.0148,71.0,4.0,43.0,7.0,THREAT,prior,1.0,0.11701666666666667,0.07187090755612577
730,,,,,,,,,,,,0.11701666666666667,0.07187090755612577
731,9.0,9.0,3.0,0.0,71.0,4.0,55.0,7.0,THREAT,post,1.0,0.11701666666666667,0.07187090755612577
732,10.0,10.0,3.0,0.0,71.0,4.0,61.0,8.0,SAFE,None,1.0,0.11701666666666667,0.07187090755612577
733,11.0,11.0,3.0,0.0,71.0,4.0,67.0,9.0,SAFE,None,1.0,0.11701666666666667,0.07187090755612577
734,12.0,12.0,3.0,0.0519,71.0,4.0,73.0,10.0,SAFE,None,1.0,0.11701666666666667,0.07187090755612577
735,13.0,13.0,3.0,0.0,71.0,4.0,79.0,11.0,THREAT,None,1.0,0.11701666666666667,0.07187090755612577
736,14.0,14.0,3.0,0.0051,71.0,4.0,85.0,12.0,THREAT,None,1.0,0.11701666666666667,0.07187090755612577
737,15.0,15.0,3.0,0.0,71.0,4.0,91.0,13.0,SAFE,None,1.0,0.11701666666666667,0.07187090755612577
738,16.0,16.0,3.0,0.0239,71.0,4.0,97.0,14.0,THREAT,None,1.0,0.09929444444444445,0.06126432098818848
739,17.0,17.0,3.0,0.1038,71.0,4.0,103.0,15.0,SAFE,None,1.0,0.09929444444444445,0.06126432098818848
740,18.0,18.0,3.0,0.3159,71.0,4.0,109.0,16.0,THREAT,None,1.0,0.09929444444444445,0.06126432098818848
741,0.0,0.0,3.0,0.0,71.0,5.0,1.0,0.0,THREAT,None,1.0,0.09929444444444445,0.06126432098818848
742,1.0,1.0,3.0,0.0107,71.0,5.0,7.0,1.0,THREAT,None,1.0,0.09929444444444445,0.06126432098818848
743,2.0,2.0,3.0,0.0,71.0,5.0,13.0,2.0,SAFE,None,1.0,0.09929444444444445,0.06126432098818848
744,3.0,3.0,3.0,0.1317,71.0,5.0,19.0,3.0,SAFE,None,1.0,0.09929444444444445,0.06126432098818848
745,4.0,4.0,3.0,0.0,71.0,5.0,25.0,4.0,SAFE,prior,1.0,0.09929444444444445,0.06126432098818848
746,,,,,,,,,,,,0.09929444444444445,0.06126432098818848
747,6.0,6.0,3.0,0.0102,71.0,5.0,37.0,4.0,SAFE,post,1.0,0.09929444444444445,0.06126432098818848
748,7.0,7.0,3.0,0.0,71.0,5.0,43.0,5.0,THREAT,None,1.0,0.09929444444444445,0.06126432098818848
749,8.0,8.0,3.0,0.0,71.0,5.0,49.0,6.0,THREAT,None,1.0,0.09929444444444445,0.06126432098818848
750,9.0,9.0,3.0,0.0,71.0,5.0,55.0,7.0,SAFE,None,1.0,0.09929444444444445,0.06126432098818848
751,10.0,10.0,3.0,0.0,71.0,5.0,61.0,8.0,SAFE,None,1.0,0.09929444444444445,0.06126432098818848
752,11.0,11.0,3.0,0.0514,71.0,5.0,67.0,9.0,SAFE,None,1.0,0.09929444444444445,0.06126432098818848
753,12.0,12.0,3.0,0.0534,71.0,5.0,73.0,10.0,THREAT,None,1.0,0.09929444444444445,0.06126432098818848
754,13.0,13.0,3.0,0.0,71.0,5.0,79.0,11.0,THREAT,None,1.0,0.09929444444444445,0.06126432098818848
755,14.0,14.0,3.0,0.0417,71.0,5.0,85.0,12.0,SAFE,None,1.0,0.09929444444444445,0.06126432098818848
756,15.0,15.0,3.0,0.0066,71.0,5.0,91.0,13.0,THREAT,None,1.0,0.13814999999999997,0.08455794567319258
757,16.0,16.0,3.0,0.0,71.0,5.0,97.0,14.0,THREAT,None,1.0,0.13814999999999997,0.08455794567319258
758,17.0,17.0,3.0,0.0,71.0,5.0,103.0,15.0,SAFE,None,1.0,0.13814999999999997,0.08455794567319258
759,18.0,18.0,3.0,0.3164,71.0,5.0,109.0,16.0,THREAT,None,1.0,0.13814999999999997,0.08455794567319258
760,0.0,0.0,3.0,0.1541,72.0,1.0,1.0,0.0,SAFE,None,1.0,0.13814999999999997,0.08455794567319258
761,1.0,1.0,3.0,0.1511,72.0,1.0,7.0,1.0,THREAT,None,1.0,0.13814999999999997,0.08455794567319258
762,2.0,2.0,3.0,0.3077,72.0,1.0,13.0,2.0,SAFE,None,1.0,0.13814999999999997,0.08455794567319258
763,3.0,3.0,3.0,0.0402,72.0,1.0,19.0,3.0,THREAT,None,1.0,0.13814999999999997,0.08455794567319258
764,4.0,4.0,3.0,0.1399,72.0,1.0,25.0,4.0,THREAT,None,1.0,0.13814999999999997,0.08455794567319258
765,5.0,5.0,3.0,0.1511,72.0,1.0,31.0,5.0,THREAT,None,1.0,0.13814999999999997,0.08455794567319258
766,6.0,6.0,3.0,0.0651,72.0,1.0,37.0,6.0,THREAT,None,1.0,0.13814999999999997,0.08455794567319258
767,7.0,7.0,3.0,0.1546,72.0,1.0,43.0,7.0,SAFE,None,1.0,0.13814999999999997,0.08455794567319258
768,8.0,8.0,3.0,0.0605,72.0,1.0,49.0,8.0,SAFE,None,1.0,0.13814999999999997,0.08455794567319258
769,9.0,9.0,3.0,0.0158,72.0,1.0,55.0,9.0,SAFE,None,1.0,0.13814999999999997,0.08455794567319258
770,10.0,10.0,3.0,0.0753,72.0,1.0,61.0,10.0,SAFE,None,1.0,0.13814999999999997,0.08455794567319258
771,11.0,11.0,3.0,0.1078,72.0,1.0,67.0,11.0,SAFE,None,1.0,0.13814999999999997,0.08455794567319258
772,12.0,12.0,3.0,0.0712,72.0,1.0,73.0,12.0,THREAT,None,1.0,0.13814999999999997,0.08455794567319258
773,13.0,13.0,3.0,0.0936,72.0,1.0,79.0,13.0,THREAT,prior,1.0,0.13814999999999997,0.08455794567319258
774,,,,,,,,,,,,0.07236111111111111,0.08001303672372168
775,15.0,15.0,3.0,0.0738,72.0,1.0,91.0,13.0,THREAT,post,1.0,0.07236111111111111,0.08001303672372168
776,16.0,16.0,3.0,0.1511,72.0,1.0,97.0,14.0,SAFE,None,1.0,0.07236111111111111,0.08001303672372168
777,17.0,17.0,3.0,0.0615,72.0,1.0,103.0,15.0,THREAT,None,1.0,0.07236111111111111,0.08001303672372168
778,18.0,18.0,3.0,0.2319,72.0,1.0,109.0,16.0,SAFE,None,1.0,0.07236111111111111,0.08001303672372168
779,0.0,0.0,3.0,0.0315,72.0,2.0,1.0,0.0,SAFE,None,1.0,0.07236111111111111,0.08001303672372168
780,1.0,1.0,3.0,0.0366,72.0,2.0,7.0,1.0,THREAT,None,1.0,0.07236111111111111,0.08001303672372168
781,2.0,2.0,3.0,0.1221,72.0,2.0,13.0,2.0,THREAT,None,1.0,0.07236111111111111,0.08001303672372168
782,3.0,3.0,3.0,0.0738,72.0,2.0,19.0,3.0,THREAT,None,1.0,0.07236111111111111,0.08001303672372168
783,4.0,4.0,3.0,0.1078,72.0,2.0,25.0,4.0,SAFE,None,1.0,0.07236111111111111,0.08001303672372168
784,5.0,5.0,3.0,0.1338,72.0,2.0,31.0,5.0,THREAT,None,1.0,0.07236111111111111,0.08001303672372168
785,6.0,6.0,3.0,0.0946,72.0,2.0,37.0,6.0,SAFE,None,1.0,0.07236111111111111,0.08001303672372168
786,7.0,7.0,3.0,0.1195,72.0,2.0,43.0,7.0,THREAT,prior,1.0,0.07236111111111111,0.08001303672372168
787,,,,,,,,,,,,0.07236111111111111,0.08001303672372168
788,9.0,9.0,3.0,0.1287,72.0,2.0,55.0,7.0,THREAT,post,1.0,0.07236111111111111,0.08001303672372168
789,10.0,10.0,3.0,0.0224,72.0,2.0,61.0,8.0,SAFE,None,1.0,0.07236111111111111,0.08001303672372168
790,11.0,11.0,3.0,0.0056,72.0,2.0,67.0,9.0,SAFE,None,1.0,0.07236111111111111,0.08001303672372168
791,12.0,12.0,3.0,0.0585,72.0,2.0,73.0,10.0,SAFE,None,1.0,0.07236111111111111,0.08001303672372168
792,13.0,13.0,3.0,0.1134,72.0,2.0,79.0,11.0,SAFE,None,1.0,0.07251666666666669,0.07404886502685039
793,14.0,14.0,3.0,0.1506,72.0,2.0,85.0,12.0,SAFE,None,1.0,0.07251666666666669,0.07404886502685039
794,15.0,15.0,3.0,0.0971,72.0,2.0,91.0,13.0,THREAT,None,1.0,0.07251666666666669,0.07404886502685039
795,16.0,16.0,3.0,0.1404,72.0,2.0,97.0,14.0,THREAT,None,1.0,0.07251666666666669,0.07404886502685039
796,17.0,17.0,3.0,0.0778,72.0,2.0,103.0,15.0,THREAT,None,1.0,0.07251666666666669,0.07404886502685039
797,18.0,18.0,3.0,0.2731,72.0,2.0,109.0,16.0,SAFE,None,1.0,0.07251666666666669,0.07404886502685039
798,0.0,0.0,3.0,0.15,72.0,3.0,1.0,0.0,SAFE,None,1.0,0.07251666666666669,0.07404886502685039
799,1.0,1.0,3.0,0.1663,72.0,3.0,7.0,1.0,SAFE,None,1.0,0.07251666666666669,0.07404886502685039
800,2.0,2.0,3.0,0.0239,72.0,3.0,13.0,2.0,SAFE,None,1.0,0.07251666666666669,0.07404886502685039
801,3.0,3.0,3.0,0.1928,72.0,3.0,19.0,3.0,SAFE,None,1.0,0.07251666666666669,0.07404886502685039
802,4.0,4.0,3.0,0.2085,72.0,3.0,25.0,4.0,SAFE,None,1.0,0.07251666666666669,0.07404886502685039
803,5.0,5.0,3.0,0.0417,72.0,3.0,31.0,5.0,THREAT,None,1.0,0.07251666666666669,0.07404886502685039
804,6.0,6.0,3.0,0.1694,72.0,3.0,37.0,6.0,THREAT,None,1.0,0.07251666666666669,0.07404886502685039
805,7.0,7.0,3.0,0.2467,72.0,3.0,43.0,7.0,THREAT,prior,1.0,0.07251666666666669,0.07404886502685039
806,,,,,,,,,,,,0.07251666666666669,0.07404886502685039
807,9.0,9.0,3.0,0.1256,72.0,3.0,55.0,7.0,THREAT,post,1.0,0.07251666666666669,0.07404886502685039
808,10.0,10.0,3.0,0.2797,72.0,3.0,61.0,8.0,THREAT,None,1.0,0.07251666666666669,0.07404886502685039
809,11.0,11.0,3.0,0.059000000000000004,72.0,3.0,67.0,9.0,THREAT,None,1.0,0.07251666666666669,0.07404886502685039
810,12.0,12.0,3.0,0.1561,72.0,3.0,73.0,10.0,SAFE,None,1.0,0.030427777777777776,0.03524048149426611
811,13.0,13.0,3.0,0.0326,72.0,3.0,79.0,11.0,THREAT,None,1.0,0.030427777777777776,0.03524048149426611
812,14.0,14.0,3.0,0.1389,72.0,3.0,85.0,12.0,SAFE,None,1.0,0.030427777777777776,0.03524048149426611
813,15.0,15.0,3.0,0.2055,72.0,3.0,91.0,13.0,THREAT,None,1.0,0.030427777777777776,0.03524048149426611
814,16.0,16.0,3.0,0.0092,72.0,3.0,97.0,14.0,SAFE,None,1.0,0.030427777777777776,0.03524048149426611
815,17.0,17.0,3.0,0.0443,72.0,3.0,103.0,15.0,THREAT,None,1.0,0.030427777777777776,0.03524048149426611
816,18.0,18.0,3.0,0.2365,72.0,3.0,109.0,16.0,SAFE,None,1.0,0.030427777777777776,0.03524048149426611
817,0.0,0.0,3.0,0.1185,72.0,4.0,1.0,0.0,THREAT,None,1.0,0.030427777777777776,0.03524048149426611
818,1.0,1.0,3.0,0.0549,72.0,4.0,7.0,1.0,THREAT,None,1.0,0.030427777777777776,0.03524048149426611
819,2.0,2.0,3.0,0.0092,72.0,4.0,13.0,2.0,SAFE,None,1.0,0.030427777777777776,0.03524048149426611
820,3.0,3.0,3.0,0.0137,72.0,4.0,19.0,3.0,SAFE,None,1.0,0.030427777777777776,0.03524048149426611
821,4.0,4.0,3.0,0.0427,72.0,4.0,25.0,4.0,SAFE,None,1.0,0.030427777777777776,0.03524048149426611
822,5.0,5.0,3.0,0.032,72.0,4.0,31.0,5.0,THREAT,None,1.0,0.030427777777777776,0.03524048149426611
823,6.0,6.0,3.0,0.1668,72.0,4.0,37.0,6.0,THREAT,None,1.0,0.030427777777777776,0.03524048149426611
824,7.0,7.0,3.0,0.0,72.0,4.0,43.0,7.0,THREAT,prior,1.0,0.030427777777777776,0.03524048149426611
825,,,,,,,,,,,,0.030427777777777776,0.03524048149426611
826,9.0,9.0,3.0,0.2319,72.0,4.0,55.0,7.0,THREAT,post,1.0,0.030427777777777776,0.03524048149426611
827,10.0,10.0,3.0,0.2523,72.0,4.0,61.0,8.0,SAFE,None,1.0,0.030427777777777776,0.03524048149426611
828,11.0,11.0,3.0,0.0661,72.0,4.0,67.0,9.0,SAFE,None,1.0,0.010199999999999999,0.023812972243271596
829,12.0,12.0,3.0,0.1063,72.0,4.0,73.0,10.0,SAFE,None,1.0,0.010199999999999999,0.023812972243271596
830,13.0,13.0,3.0,0.055999999999999994,72.0,4.0,79.0,11.0,THREAT,None,1.0,0.010199999999999999,0.023812972243271596
831,14.0,14.0,3.0,0.0,72.0,4.0,85.0,12.0,THREAT,None,1.0,0.010199999999999999,0.023812972243271596
832,15.0,15.0,3.0,0.0107,72.0,4.0,91.0,13.0,SAFE,None,1.0,0.010199999999999999,0.023812972243271596
833,16.0,16.0,3.0,0.0,72.0,4.0,97.0,14.0,THREAT,None,1.0,0.010199999999999999,0.023812972243271596
834,17.0,17.0,3.0,0.1368,72.0,4.0,103.0,15.0,SAFE,None,1.0,0.010199999999999999,0.023812972243271596
835,18.0,18.0,3.0,0.0046,72.0,4.0,109.0,16.0,THREAT,None,1.0,0.010199999999999999,0.023812972243271596
836,0.0,0.0,3.0,0.1994,72.0,5.0,1.0,0.0,THREAT,None,1.0,0.010199999999999999,0.023812972243271596
837,1.0,1.0,3.0,0.1979,72.0,5.0,7.0,1.0,THREAT,None,1.0,0.010199999999999999,0.023812972243271596
838,2.0,2.0,3.0,0.0748,72.0,5.0,13.0,2.0,SAFE,None,1.0,0.010199999999999999,0.023812972243271596
839,3.0,3.0,3.0,0.14800000000000002,72.0,5.0,19.0,3.0,SAFE,None,1.0,0.010199999999999999,0.023812972243271596
840,4.0,4.0,3.0,0.0173,72.0,5.0,25.0,4.0,SAFE,prior,1.0,0.010199999999999999,0.023812972243271596
841,,,,,,,,,,,,0.010199999999999999,0.023812972243271596
842,6.0,6.0,3.0,0.0,72.0,5.0,37.0,4.0,SAFE,post,1.0,0.010199999999999999,0.023812972243271596
843,7.0,7.0,3.0,0.1607,72.0,5.0,43.0,5.0,THREAT,None,1.0,0.010199999999999999,0.023812972243271596
844,8.0,8.0,3.0,0.0514,72.0,5.0,49.0,6.0,THREAT,None,1.0,0.010199999999999999,0.023812972243271596
845,9.0,9.0,3.0,0.0178,72.0,5.0,55.0,7.0,SAFE,None,1.0,0.010199999999999999,0.023812972243271596
846,10.0,10.0,3.0,0.1221,72.0,5.0,61.0,8.0,SAFE,None,1.0,0.007683333333333334,0.0206267173973038
847,11.0,11.0,3.0,0.0153,72.0,5.0,67.0,9.0,SAFE,None,1.0,0.007683333333333334,0.0206267173973038
848,12.0,12.0,3.0,0.0122,72.0,5.0,73.0,10.0,THREAT,None,1.0,0.007683333333333334,0.0206267173973038
849,13.0,13.0,3.0,0.0056,72.0,5.0,79.0,11.0,THREAT,None,1.0,0.007683333333333334,0.0206267173973038
850,14.0,14.0,3.0,0.0641,72.0,5.0,85.0,12.0,SAFE,None,1.0,0.007683333333333334,0.0206267173973038
851,15.0,15.0,3.0,0.0422,72.0,5.0,91.0,13.0,THREAT,None,1.0,0.007683333333333334,0.0206267173973038
852,16.0,16.0,3.0,0.0,72.0,5.0,97.0,14.0,THREAT,None,1.0,0.007683333333333334,0.0206267173973038
853,17.0,17.0,3.0,0.0,72.0,5.0,103.0,15.0,SAFE,None,1.0,0.007683333333333334,0.0206267173973038
854,18.0,18.0,3.0,0.1765,72.0,5.0,109.0,16.0,THREAT,None,1.0,0.007683333333333334,0.0206267173973038
855,0.0,0.0,3.0,0.0,73.0,1.0,1.0,0.0,SAFE,None,1.0,0.007683333333333334,0.0206267173973038
856,1.0,1.0,3.0,0.0544,73.0,1.0,7.0,1.0,THREAT,None,1.0,0.007683333333333334,0.0206267173973038
857,2.0,2.0,3.0,0.0,73.0,1.0,13.0,2.0,SAFE,None,1.0,0.007683333333333334,0.0206267173973038
858,3.0,3.0,3.0,0.0046,73.0,1.0,19.0,3.0,THREAT,None,1.0,0.007683333333333334,0.0206267173973038
859,4.0,4.0,3.0,0.0,73.0,1.0,25.0,4.0,THREAT,None,1.0,0.007683333333333334,0.0206267173973038
860,5.0,5.0,3.0,0.09,73.0,1.0,31.0,5.0,THREAT,None,1.0,0.007683333333333334,0.0206267173973038
861,6.0,6.0,3.0,0.032,73.0,1.0,37.0,6.0,THREAT,None,1.0,0.007683333333333334,0.0206267173973038
862,7.0,7.0,3.0,0.0086,73.0,1.0,43.0,7.0,SAFE,None,1.0,0.007683333333333334,0.0206267173973038
863,8.0,8.0,3.0,0.0,73.0,1.0,49.0,8.0,SAFE,None,1.0,0.007683333333333334,0.0206267173973038
864,9.0,9.0,3.0,0.0839,73.0,1.0,55.0,9.0,SAFE,None,1.0,0.0007611111111111112,0.003229120967418567
865,10.0,10.0,3.0,0.1109,73.0,1.0,61.0,10.0,SAFE,None,1.0,0.0007611111111111112,0.003229120967418567
866,11.0,11.0,3.0,0.0356,73.0,1.0,67.0,11.0,SAFE,None,1.0,0.0007611111111111112,0.003229120967418567
867,12.0,12.0,3.0,0.0097,73.0,1.0,73.0,12.0,THREAT,None,1.0,0.0007611111111111112,0.003229120967418567
868,13.0,13.0,3.0,0.0071,73.0,1.0,79.0,13.0,THREAT,prior,1.0,0.0007611111111111112,0.003229120967418567
869,,,,,,,,,,,,0.0007611111111111112,0.003229120967418567
870,15.0,15.0,3.0,0.0387,73.0,1.0,91.0,13.0,THREAT,post,1.0,0.0007611111111111112,0.003229120967418567
871,16.0,16.0,3.0,0.0168,73.0,1.0,97.0,14.0,SAFE,None,1.0,0.0007611111111111112,0.003229120967418567
872,17.0,17.0,3.0,0.0,73.0,1.0,103.0,15.0,THREAT,None,1.0,0.0007611111111111112,0.003229120967418567
873,18.0,18.0,3.0,0.0554,73.0,1.0,109.0,16.0,SAFE,None,1.0,0.0007611111111111112,0.003229120967418567
874,0.0,0.0,3.0,0.0951,73.0,2.0,1.0,0.0,SAFE,None,1.0,0.0007611111111111112,0.003229120967418567
875,1.0,1.0,3.0,0.0158,73.0,2.0,7.0,1.0,THREAT,None,1.0,0.0007611111111111112,0.003229120967418567
876,2.0,2.0,3.0,0.0,73.0,2.0,13.0,2.0,THREAT,None,1.0,0.0007611111111111112,0.003229120967418567
877,3.0,3.0,3.0,0.0,73.0,2.0,19.0,3.0,THREAT,None,1.0,0.0007611111111111112,0.003229120967418567
878,4.0,4.0,3.0,0.0,73.0,2.0,25.0,4.0,SAFE,None,1.0,0.0007611111111111112,0.003229120967418567
879,5.0,5.0,3.0,0.0,73.0,2.0,31.0,5.0,THREAT,None,1.0,0.0007611111111111112,0.003229120967418567
880,6.0,6.0,3.0,0.0,73.0,2.0,37.0,6.0,SAFE,None,1.0,0.0007611111111111112,0.003229120967418567
881,7.0,7.0,3.0,0.0066,73.0,2.0,43.0,7.0,THREAT,prior,1.0,0.0007611111111111112,0.003229120967418567
882,,,,,,,,,,,,0.000961111111111111,0.004077649104842424
883,9.0,9.0,3.0,0.0163,73.0,2.0,55.0,7.0,THREAT,post,1.0,0.000961111111111111,0.004077649104842424
884,10.0,10.0,3.0,0.0,73.0,2.0,61.0,8.0,SAFE,None,1.0,0.000961111111111111,0.004077649104842424
885,11.0,11.0,3.0,0.0,73.0,2.0,67.0,9.0,SAFE,None,1.0,0.000961111111111111,0.004077649104842424
886,12.0,12.0,3.0,0.0,73.0,2.0,73.0,10.0,SAFE,None,1.0,0.000961111111111111,0.004077649104842424
887,13.0,13.0,3.0,0.0,73.0,2.0,79.0,11.0,SAFE,None,1.0,0.000961111111111111,0.004077649104842424
888,14.0,14.0,3.0,0.0,73.0,2.0,85.0,12.0,SAFE,None,1.0,0.000961111111111111,0.004077649104842424
889,15.0,15.0,3.0,0.0066,73.0,2.0,91.0,13.0,THREAT,None,1.0,0.000961111111111111,0.004077649104842424
890,16.0,16.0,3.0,0.0,73.0,2.0,97.0,14.0,THREAT,None,1.0,0.000961111111111111,0.004077649104842424
891,17.0,17.0,3.0,0.0,73.0,2.0,103.0,15.0,THREAT,None,1.0,0.000961111111111111,0.004077649104842424
892,18.0,18.0,3.0,0.0432,73.0,2.0,109.0,16.0,SAFE,None,1.0,0.000961111111111111,0.004077649104842424
893,0.0,0.0,3.0,0.0,73.0,3.0,1.0,0.0,SAFE,None,1.0,0.000961111111111111,0.004077649104842424
894,1.0,1.0,3.0,0.0,73.0,3.0,7.0,1.0,SAFE,None,1.0,0.000961111111111111,0.004077649104842424
895,2.0,2.0,3.0,0.0168,73.0,3.0,13.0,2.0,SAFE,None,1.0,0.000961111111111111,0.004077649104842424
896,3.0,3.0,3.0,0.0,73.0,3.0,19.0,3.0,SAFE,None,1.0,0.000961111111111111,0.004077649104842424
897,4.0,4.0,3.0,0.0,73.0,3.0,25.0,4.0,SAFE,None,1.0,0.000961111111111111,0.004077649104842424
898,5.0,5.0,3.0,0.0,73.0,3.0,31.0,5.0,THREAT,None,1.0,0.000961111111111111,0.004077649104842424
899,6.0,6.0,3.0,0.0,73.0,3.0,37.0,6.0,THREAT,None,1.0,0.000961111111111111,0.004077649104842424
900,7.0,7.0,3.0,0.0122,73.0,3.0,43.0,7.0,THREAT,prior,1.0,0.07968333333333333,0.14632908620840981
901,,,,,,,,,,,,0.07968333333333333,0.14632908620840981
902,9.0,9.0,3.0,0.0,73.0,3.0,55.0,7.0,THREAT,post,1.0,0.07968333333333333,0.14632908620840981
903,10.0,10.0,3.0,0.0,73.0,3.0,61.0,8.0,THREAT,None,1.0,0.07968333333333333,0.14632908620840981
904,11.0,11.0,3.0,0.0,73.0,3.0,67.0,9.0,THREAT,None,1.0,0.07968333333333333,0.14632908620840981
905,12.0,12.0,3.0,0.0,73.0,3.0,73.0,10.0,SAFE,None,1.0,0.07968333333333333,0.14632908620840981
906,13.0,13.0,3.0,0.0,73.0,3.0,79.0,11.0,THREAT,None,1.0,0.07968333333333333,0.14632908620840981
907,14.0,14.0,3.0,0.0854,73.0,3.0,85.0,12.0,SAFE,None,1.0,0.07968333333333333,0.14632908620840981
908,15.0,15.0,3.0,0.0239,73.0,3.0,91.0,13.0,THREAT,None,1.0,0.07968333333333333,0.14632908620840981
909,16.0,16.0,3.0,0.0,73.0,3.0,97.0,14.0,SAFE,None,1.0,0.07968333333333333,0.14632908620840981
910,17.0,17.0,3.0,0.0,73.0,3.0,103.0,15.0,THREAT,None,1.0,0.07968333333333333,0.14632908620840981
911,18.0,18.0,3.0,0.0,73.0,3.0,109.0,16.0,SAFE,None,1.0,0.07968333333333333,0.14632908620840981
912,0.0,0.0,3.0,0.0,73.0,4.0,1.0,0.0,THREAT,None,1.0,0.07968333333333333,0.14632908620840981
913,1.0,1.0,3.0,0.0,73.0,4.0,7.0,1.0,THREAT,None,1.0,0.07968333333333333,0.14632908620840981
914,2.0,2.0,3.0,0.0,73.0,4.0,13.0,2.0,SAFE,None,1.0,0.07968333333333333,0.14632908620840981
915,3.0,3.0,3.0,0.0,73.0,4.0,19.0,3.0,SAFE,None,1.0,0.07968333333333333,0.14632908620840981
916,4.0,4.0,3.0,0.0,73.0,4.0,25.0,4.0,SAFE,None,1.0,0.07968333333333333,0.14632908620840981
917,5.0,5.0,3.0,0.0,73.0,4.0,31.0,5.0,THREAT,None,1.0,0.07968333333333333,0.14632908620840981
918,6.0,6.0,3.0,0.0,73.0,4.0,37.0,6.0,THREAT,None,1.0,0.06480000000000001,0.10886877692082012
919,7.0,7.0,3.0,0.0137,73.0,4.0,43.0,7.0,THREAT,prior,1.0,0.06480000000000001,0.10886877692082012
920,,,,,,,,,,,,0.06480000000000001,0.10886877692082012
921,9.0,9.0,3.0,0.0,73.0,4.0,55.0,7.0,THREAT,post,1.0,0.06480000000000001,0.10886877692082012
922,10.0,10.0,3.0,0.0,73.0,4.0,61.0,8.0,SAFE,None,1.0,0.06480000000000001,0.10886877692082012
923,11.0,11.0,3.0,0.0,73.0,4.0,67.0,9.0,SAFE,None,1.0,0.06480000000000001,0.10886877692082012
924,12.0,12.0,3.0,0.0,73.0,4.0,73.0,10.0,SAFE,None,1.0,0.06480000000000001,0.10886877692082012
925,13.0,13.0,3.0,0.0,73.0,4.0,79.0,11.0,THREAT,None,1.0,0.06480000000000001,0.10886877692082012
926,14.0,14.0,3.0,0.0,73.0,4.0,85.0,12.0,THREAT,None,1.0,0.06480000000000001,0.10886877692082012
927,15.0,15.0,3.0,0.0,73.0,4.0,91.0,13.0,SAFE,None,1.0,0.06480000000000001,0.10886877692082012
928,16.0,16.0,3.0,0.0,73.0,4.0,97.0,14.0,THREAT,None,1.0,0.06480000000000001,0.10886877692082012
929,17.0,17.0,3.0,0.0,73.0,4.0,103.0,15.0,SAFE,None,1.0,0.06480000000000001,0.10886877692082012
930,18.0,18.0,3.0,0.0,73.0,4.0,109.0,16.0,THREAT,None,1.0,0.06480000000000001,0.10886877692082012
931,0.0,0.0,3.0,0.0,73.0,5.0,1.0,0.0,THREAT,None,1.0,0.06480000000000001,0.10886877692082012
932,1.0,1.0,3.0,0.0,73.0,5.0,7.0,1.0,THREAT,None,1.0,0.06480000000000001,0.10886877692082012
933,2.0,2.0,3.0,0.0,73.0,5.0,13.0,2.0,SAFE,None,1.0,0.06480000000000001,0.10886877692082012
934,3.0,3.0,3.0,0.0173,73.0,5.0,19.0,3.0,SAFE,None,1.0,0.06480000000000001,0.10886877692082012
935,4.0,4.0,3.0,0.0,73.0,5.0,25.0,4.0,SAFE,prior,1.0,0.06480000000000001,0.10886877692082012
936,,,,,,,,,,,,0.12721666666666664,0.16721055500739884
937,6.0,6.0,3.0,0.0,73.0,5.0,37.0,4.0,SAFE,post,1.0,0.12721666666666664,0.16721055500739884
938,7.0,7.0,3.0,0.0,73.0,5.0,43.0,5.0,THREAT,None,1.0,0.12721666666666664,0.16721055500739884
939,8.0,8.0,3.0,0.0,73.0,5.0,49.0,6.0,THREAT,None,1.0,0.12721666666666664,0.16721055500739884
940,9.0,9.0,3.0,0.0,73.0,5.0,55.0,7.0,SAFE,None,1.0,0.12721666666666664,0.16721055500739884
941,10.0,10.0,3.0,0.0,73.0,5.0,61.0,8.0,SAFE,None,1.0,0.12721666666666664,0.16721055500739884
942,11.0,11.0,3.0,0.0,73.0,5.0,67.0,9.0,SAFE,None,1.0,0.12721666666666664,0.16721055500739884
943,12.0,12.0,3.0,0.0,73.0,5.0,73.0,10.0,THREAT,None,1.0,0.12721666666666664,0.16721055500739884
944,13.0,13.0,3.0,0.0,73.0,5.0,79.0,11.0,THREAT,None,1.0,0.12721666666666664,0.16721055500739884
945,14.0,14.0,3.0,0.0,73.0,5.0,85.0,12.0,SAFE,None,1.0,0.12721666666666664,0.16721055500739884
946,15.0,15.0,3.0,0.0,73.0,5.0,91.0,13.0,THREAT,None,1.0,0.12721666666666664,0.16721055500739884
947,16.0,16.0,3.0,0.0,73.0,5.0,97.0,14.0,THREAT,None,1.0,0.12721666666666664,0.16721055500739884
948,17.0,17.0,3.0,0.0,73.0,5.0,103.0,15.0,SAFE,None,1.0,0.12721666666666664,0.16721055500739884
949,18.0,18.0,3.0,0.0,73.0,5.0,109.0,16.0,THREAT,None,1.0,0.12721666666666664,0.16721055500739884
950,0.0,0.0,3.0,0.0,74.0,1.0,1.0,0.0,SAFE,None,1.0,0.12721666666666664,0.16721055500739884
951,1.0,1.0,3.0,0.0,74.0,1.0,7.0,1.0,THREAT,None,1.0,0.12721666666666664,0.16721055500739884
952,2.0,2.0,3.0,0.0173,74.0,1.0,13.0,2.0,SAFE,None,1.0,0.12721666666666664,0.16721055500739884
953,3.0,3.0,3.0,0.1144,74.0,1.0,19.0,3.0,THREAT,None,1.0,0.12721666666666664,0.16721055500739884
954,4.0,4.0,3.0,0.0056,74.0,1.0,25.0,4.0,THREAT,None,1.0,0.04374444444444445,0.09943465618019304
955,5.0,5.0,3.0,0.0,74.0,1.0,31.0,5.0,THREAT,None,1.0,0.04374444444444445,0.09943465618019304
956,6.0,6.0,3.0,0.2172,74.0,1.0,37.0,6.0,THREAT,None,1.0,0.04374444444444445,0.09943465618019304
957,7.0,7.0,3.0,0.0173,74.0,1.0,43.0,7.0,SAFE,None,1.0,0.04374444444444445,0.09943465618019304
958,8.0,8.0,3.0,0.0,74.0,1.0,49.0,8.0,SAFE,None,1.0,0.04374444444444445,0.09943465618019304
959,9.0,9.0,3.0,0.4008,74.0,1.0,55.0,9.0,SAFE,None,1.0,0.04374444444444445,0.09943465618019304
960,10.0,10.0,3.0,0.0,74.0,1.0,61.0,10.0,SAFE,None,1.0,0.04374444444444445,0.09943465618019304
961,11.0,11.0,3.0,0.0,74.0,1.0,67.0,11.0,SAFE,None,1.0,0.04374444444444445,0.09943465618019304
962,12.0,12.0,3.0,0.0,74.0,1.0,73.0,12.0,THREAT,None,1.0,0.04374444444444445,0.09943465618019304
963,13.0,13.0,3.0,0.4684,74.0,1.0,79.0,13.0,THREAT,prior,1.0,0.04374444444444445,0.09943465618019304
964,,,,,,,,,,,,0.04374444444444445,0.09943465618019304
965,15.0,15.0,3.0,0.0,74.0,1.0,91.0,13.0,THREAT,post,1.0,0.04374444444444445,0.09943465618019304
966,16.0,16.0,3.0,0.0,74.0,1.0,97.0,14.0,SAFE,None,1.0,0.04374444444444445,0.09943465618019304
967,17.0,17.0,3.0,0.0,74.0,1.0,103.0,15.0,THREAT,None,1.0,0.04374444444444445,0.09943465618019304
968,18.0,18.0,3.0,0.1933,74.0,1.0,109.0,16.0,SAFE,None,1.0,0.04374444444444445,0.09943465618019304
969,0.0,0.0,3.0,0.0224,74.0,2.0,1.0,0.0,SAFE,None,1.0,0.04374444444444445,0.09943465618019304
970,1.0,1.0,3.0,0.1994,74.0,2.0,7.0,1.0,THREAT,None,1.0,0.04374444444444445,0.09943465618019304
971,2.0,2.0,3.0,0.0,74.0,2.0,13.0,2.0,THREAT,None,1.0,0.04374444444444445,0.09943465618019304
972,3.0,3.0,3.0,0.0092,74.0,2.0,19.0,3.0,THREAT,None,1.0,0.050633333333333336,0.077590849976012
973,4.0,4.0,3.0,0.1012,74.0,2.0,25.0,4.0,SAFE,None,1.0,0.050633333333333336,0.077590849976012
974,5.0,5.0,3.0,0.0086,74.0,2.0,31.0,5.0,THREAT,None,1.0,0.050633333333333336,0.077590849976012
975,6.0,6.0,3.0,0.0,74.0,2.0,37.0,6.0,SAFE,None,1.0,0.050633333333333336,0.077590849976012
976,7.0,7.0,3.0,0.0066,74.0,2.0,43.0,7.0,THREAT,prior,1.0,0.050633333333333336,0.077590849976012
977,,,,,,,,,,,,0.050633333333333336,0.077590849976012
978,9.0,9.0,3.0,0.0855,74.0,2.0,55.0,7.0,THREAT,post,1.0,0.050633333333333336,0.077590849976012
979,10.0,10.0,3.0,0.0,74.0,2.0,61.0,8.0,SAFE,None,1.0,0.050633333333333336,0.077590849976012
980,11.0,11.0,3.0,0.0,74.0,2.0,67.0,9.0,SAFE,None,1.0,0.050633333333333336,0.077590849976012
981,12.0,12.0,3.0,0.0,74.0,2.0,73.0,10.0,SAFE,None,1.0,0.050633333333333336,0.077590849976012
982,13.0,13.0,3.0,0.4334,74.0,2.0,79.0,11.0,SAFE,None,1.0,0.050633333333333336,0.077590849976012
983,14.0,14.0,3.0,0.0732,74.0,2.0,85.0,12.0,SAFE,None,1.0,0.050633333333333336,0.077590849976012
984,15.0,15.0,3.0,0.0,74.0,2.0,91.0,13.0,THREAT,None,1.0,0.050633333333333336,0.077590849976012
985,16.0,16.0,3.0,0.145,74.0,2.0,97.0,14.0,THREAT,None,1.0,0.050633333333333336,0.077590849976012
986,17.0,17.0,3.0,0.0137,74.0,2.0,103.0,15.0,THREAT,None,1.0,0.050633333333333336,0.077590849976012
987,18.0,18.0,3.0,0.0682,74.0,2.0,109.0,16.0,SAFE,None,1.0,0.050633333333333336,0.077590849976012
988,0.0,0.0,3.0,0.0056,74.0,3.0,1.0,0.0,SAFE,None,1.0,0.050633333333333336,0.077590849976012
989,1.0,1.0,3.0,0.0,74.0,3.0,7.0,1.0,SAFE,None,1.0,0.050633333333333336,0.077590849976012
990,2.0,2.0,3.0,0.2843,74.0,3.0,13.0,2.0,SAFE,None,1.0,,
991,3.0,3.0,3.0,0.0209,74.0,3.0,19.0,3.0,SAFE,None,1.0,,
992,4.0,4.0,3.0,0.0,74.0,3.0,25.0,4.0,SAFE,None,1.0,,
993,5.0,5.0,3.0,0.0,74.0,3.0,31.0,5.0,THREAT,None,1.0,,
994,6.0,6.0,3.0,0.5203,74.0,3.0,37.0,6.0,THREAT,None,1.0,,
995,7.0,7.0,3.0,0.0051,74.0,3.0,43.0,7.0,THREAT,prior,1.0,,
997,9.0,9.0,3.0,0.2152,74.0,3.0,55.0,7.0,THREAT,post,1.0,,
998,10.0,10.0,3.0,0.0,74.0,3.0,61.0,8.0,THREAT,None,1.0,,
999,11.0,11.0,3.0,0.1439,74.0,3.0,67.0,9.0,THREAT,None,1.0,,
1000,12.0,12.0,3.0,0.2624,74.0,3.0,73.0,10.0,SAFE,None,1.0,,
1001,13.0,13.0,3.0,0.0102,74.0,3.0,79.0,11.0,THREAT,None,1.0,,
1002,14.0,14.0,3.0,0.0936,74.0,3.0,85.0,12.0,SAFE,None,1.0,,
1003,15.0,15.0,3.0,0.0,74.0,3.0,91.0,13.0,THREAT,None,1.0,,
1004,16.0,16.0,3.0,0.0,74.0,3.0,97.0,14.0,SAFE,None,1.0,,
1005,17.0,17.0,3.0,0.3164,74.0,3.0,103.0,15.0,THREAT,None,1.0,,
1006,18.0,18.0,3.0,0.41200000000000003,74.0,3.0,109.0,16.0,SAFE,None,1.0,,
1007,0.0,0.0,3.0,0.0,74.0,4.0,1.0,0.0,THREAT,None,1.0,,
1008,1.0,1.0,3.0,0.0163,74.0,4.0,7.0,1.0,THREAT,None,1.0,,
1009,2.0,2.0,3.0,0.0,74.0,4.0,13.0,2.0,SAFE,None,1.0,,
1010,3.0,3.0,3.0,0.1923,74.0,4.0,19.0,3.0,SAFE,None,1.0,,
1011,4.0,4.0,3.0,0.0066,74.0,4.0,25.0,4.0,SAFE,None,1.0,,
1012,5.0,5.0,3.0,0.0407,74.0,4.0,31.0,5.0,THREAT,None,1.0,,
1013,6.0,6.0,3.0,0.0076,74.0,4.0,37.0,6.0,THREAT,None,1.0,,
1014,7.0,7.0,3.0,0.1353,74.0,4.0,43.0,7.0,THREAT,prior,1.0,,
1016,9.0,9.0,3.0,0.0076,74.0,4.0,55.0,7.0,THREAT,post,1.0,,
1017,10.0,10.0,3.0,0.0,74.0,4.0,61.0,8.0,SAFE,None,1.0,,
1018,11.0,11.0,3.0,0.0,74.0,4.0,67.0,9.0,SAFE,None,1.0,,
1019,12.0,12.0,3.0,0.0,74.0,4.0,73.0,10.0,SAFE,None,1.0,,
1020,13.0,13.0,3.0,0.0,74.0,4.0,79.0,11.0,THREAT,None,1.0,,
1021,14.0,14.0,3.0,0.0,74.0,4.0,85.0,12.0,THREAT,None,1.0,,
1022,15.0,15.0,3.0,0.0,74.0,4.0,91.0,13.0,SAFE,None,1.0,,
1023,16.0,16.0,3.0,0.0,74.0,4.0,97.0,14.0,THREAT,None,1.0,,
1024,17.0,17.0,3.0,0.0,74.0,4.0,103.0,15.0,SAFE,None,1.0,,
1025,18.0,18.0,3.0,0.381,74.0,4.0,109.0,16.0,THREAT,None,1.0,,
1026,0.0,0.0,3.0,0.1536,74.0,5.0,1.0,0.0,THREAT,None,1.0,,
1027,1.0,1.0,3.0,0.2716,74.0,5.0,7.0,1.0,THREAT,None,1.0,,
1028,2.0,2.0,3.0,0.0,74.0,5.0,13.0,2.0,SAFE,None,1.0,,
1029,3.0,3.0,3.0,0.0076,74.0,5.0,19.0,3.0,SAFE,None,1.0,,
1030,4.0,4.0,3.0,0.0051,74.0,5.0,25.0,4.0,SAFE,prior,1.0,,
1032,6.0,6.0,3.0,0.0,74.0,5.0,37.0,4.0,SAFE,post,1.0,,
1033,7.0,7.0,3.0,0.0,74.0,5.0,43.0,5.0,THREAT,None,1.0,,
1034,8.0,8.0,3.0,0.091,74.0,5.0,49.0,6.0,THREAT,None,1.0,,
1035,9.0,9.0,3.0,0.0,74.0,5.0,55.0,7.0,SAFE,None,1.0,,
1036,10.0,10.0,3.0,0.0,74.0,5.0,61.0,8.0,SAFE,None,1.0,,
1037,11.0,11.0,3.0,0.145,74.0,5.0,67.0,9.0,SAFE,None,1.0,,
1038,12.0,12.0,3.0,0.0671,74.0,5.0,73.0,10.0,THREAT,None,1.0,,
1039,13.0,13.0,3.0,0.0,74.0,5.0,79.0,11.0,THREAT,None,1.0,,
1040,14.0,14.0,3.0,0.0483,74.0,5.0,85.0,12.0,SAFE,None,1.0,,
1041,15.0,15.0,3.0,0.0,74.0,5.0,91.0,13.0,THREAT,None,1.0,,
1042,16.0,16.0,3.0,0.0,74.0,5.0,97.0,14.0,THREAT,None,1.0,,
1043,17.0,17.0,3.0,0.0,74.0,5.0,103.0,15.0,SAFE,None,1.0,,
1044,18.0,18.0,3.0,0.1221,74.0,5.0,109.0,16.0,THREAT,None,1.0,,
